brand,top_category,subcategory,product_family_id,sku,product_name,variant,description,colors,list_price,map_price,net_price,net_price_if_buy_4_or_more,net_price_if_buy_5_or_more,net_price_if_buy_6_or_more,net_price_if_buy_10_or_more,net_price_if_buy_12_or_more,net_price_if_buy_24_or_more,net_price_if_buy_36_or_more,source_image_name,source_image_path
Hamilton,Band & Orchestra,"Stands, Mutes, & Reeds",,KB500,Classic Trumpet Stands,,,,41.99,,18.47,,,,,,,,hamilton_kb500_default.png,/Users/lpdmusic/Documents/New project/Photos/Band & Orchestra/hamilton_kb500_default.png
Hamilton,Band & Orchestra,"Stands, Mutes, & Reeds",,KB950,Trumpet Stands,,,,22.99,,9.97,,,,,,,,hamilton_kb950_default.png,/Users/lpdmusic/Documents/New project/Photos/Band & Orchestra/hamilton_kb950_default.png
Hamilton,Band & Orchestra,"Stands, Mutes, & Reeds",,KB952,Trombone Stands,,,,34.99,,14.97,,,,,,,,hamilton_kb952_default.png,/Users/lpdmusic/Documents/New project/Photos/Band & Orchestra/hamilton_kb952_default.png
Vincent Bach,Band & Orchestra,"Stands, Mutes, & Reeds",,KB960,Alto / Tenor Stand,,,,34.49,,14.97,,,,,,,,vincent-bach_kb960_default.png,/Users/lpdmusic/Documents/New project/Photos/Band & Orchestra/vincent-bach_kb960_default.png
Vincent Bach,Band & Orchestra,"Stands, Mutes, & Reeds",,1862,Trombone Straight Mute,,,,47.00,,26.79,,,,,,,,vincent-bach_1862_default.png,/Users/lpdmusic/Documents/New project/Photos/Band & Orchestra/vincent-bach_1862_default.png
Vandoren,Band & Orchestra,"Stands, Mutes, & Reeds",,SR27,Java Reeds 5/Box,,,,41.99,,19.74,,,,,,,,vandoren_sr27_default.png,/Users/lpdmusic/Documents/New project/Photos/Band & Orchestra/vandoren_sr27_default.png
Emerald,Band & Orchestra,"Stands, Mutes, & Reeds",,EO,Reed Oboe Double Reeds,,"Soft, Medium Soft, Medium, Medium Hard, Hard",,17.95,,10.23,,,,,9.69,,,emerald_eo_default.png,/Users/lpdmusic/Documents/New project/Photos/Band & Orchestra/emerald_eo_default.png
Jones,Band & Orchestra,"Stands, Mutes, & Reeds",,JO,Oboe Double Reeds,,"Medium, Medium Hard, Hard",,26.99,,12.82,,12.15,,,,,,jones_jo_default.png,/Users/lpdmusic/Documents/New project/Photos/Band & Orchestra/jones_jo_default.png
D'Addario,Band & Orchestra,"Stands, Mutes, & Reeds",RRPO,RRPO5ASX250,Plasticover Reeds,Alto Sax 2.5,,,38.25,,17.21,,,,,,,,d'addario_rrp05asx150_default.png,/Users/lpdmusic/Documents/New project/Photos/Band & Orchestra/d'addario_rrp05asx150_default.png
D'Addario,Band & Orchestra,"Stands, Mutes, & Reeds",RRPO,RRP05ASX150,Plasticover Reeds,Alto Sax 1.5,,,38.25,,17.21,,,,,,,,d'addario_rrp05asx150_default.png,/Users/lpdmusic/Documents/New project/Photos/Band & Orchestra/d'addario_rrp05asx150_default.png
D'Addario,Band & Orchestra,"Stands, Mutes, & Reeds",RRPO,RRP05BCL350,Plasticover Reeds,Clarinet 3.5,,,31.75,,14.29,,,,,,,,d'addario_rrp05bcl350_default.png,/Users/lpdmusic/Documents/New project/Photos/Band & Orchestra/d'addario_rrp05bcl350_default.png
D'Addario,Band & Orchestra,"Stands, Mutes, & Reeds",RRPO,RRP05BCL400,Plasticover Reeds,Clarinet 4,,,31.75,,14.29,,,,,,,,d'addario_rrp05bcl400_default.png,/Users/lpdmusic/Documents/New project/Photos/Band & Orchestra/d'addario_rrp05bcl400_default.png
D'Addario,Band & Orchestra,"Stands, Mutes, & Reeds",RRPO,RRP05TSX300,Plasticover Reeds,Tenor Sax 3,,,31.25,,23.06,,,,,,,,d'addario_rrp05tsx300_default.png,/Users/lpdmusic/Documents/New project/Photos/Band & Orchestra/d'addario_rrp05tsx300_default.png
Emerald,Band & Orchestra,"Stands, Mutes, & Reeds",,EB,Reed Bassoon Double Reeds,,"Soft, Medium Soft, Medium, Medium Hard, Hard",,19.95,,11.37,,,,,10.77,,,emerald_eb_default.png,/Users/lpdmusic/Documents/New project/Photos/Band & Orchestra/emerald_eb_default.png
Jones,Band & Orchestra,"Stands, Mutes, & Reeds",,JB,Bassoon Double Reeds,,"Medium, Medium Hard, Hard",,26.99,,12.82,,12.15,,,,,,jones_jb_default.png,/Users/lpdmusic/Documents/New project/Photos/Band & Orchestra/jones_jb_default.png
Juno,Band & Orchestra,"Stands, Mutes, & Reeds",JSR1,JSR61,Alto Sax Reeds,"Alto 10 Reeds 2, 2.5, 3",,,,26.00,22.59,,,,,,,,juno_jsr61_default.png,/Users/lpdmusic/Documents/New project/Photos/Band & Orchestra/juno_jsr61_default.png
Juno,Band & Orchestra,"Stands, Mutes, & Reeds",JSR1,JSR6/3,Alto Sax Reeds,"Alto 3 Reed Card 2.5, 3",,,,12.00,8.59,,,,,,,,juno_jsr61_default.png,/Users/lpdmusic/Documents/New project/Photos/Band & Orchestra/juno_jsr61_default.png
Juno,Band & Orchestra,"Stands, Mutes, & Reeds",JSR1,JSR6/3,Alto Sax Reeds,Alto 3 Reed Card 2,,,,10.99,8.19,,,,,,,,juno_jsr61_default.png,/Users/lpdmusic/Documents/New project/Photos/Band & Orchestra/juno_jsr61_default.png
Juno,Band & Orchestra,"Stands, Mutes, & Reeds",JSR2,JSR71,Tenor Sax Reeds,"Tenor 5 Reeds 2, 3",,,,20.00,16.29,,,,,,,,juno_jsr71_default.png,/Users/lpdmusic/Documents/New project/Photos/Band & Orchestra/juno_jsr71_default.png
Juno,Band & Orchestra,"Stands, Mutes, & Reeds",JSR2,JSR71,Tenor Sax Reeds,Tenor 5 Reeds 2.5,,,,13.99,9.79,,,,,,,,juno_jsr71_default.png,/Users/lpdmusic/Documents/New project/Photos/Band & Orchestra/juno_jsr71_default.png
Juno,Band & Orchestra,"Stands, Mutes, & Reeds",JSR2,JSR71/3,Tenor Sax Reeds,Tenor 3 Reed Card 3,,,,20.00,16.29,,,,,,,,juno_jsr71_default.png,/Users/lpdmusic/Documents/New project/Photos/Band & Orchestra/juno_jsr71_default.png
Juno,Band & Orchestra,"Stands, Mutes, & Reeds",JSR2,JSR71/3,Tenor Sax Reeds,"Tenor 3 Reed Card 2, 2.5",,,,13.99,9.79,,,,,,,,juno_jsr71_default.png,/Users/lpdmusic/Documents/New project/Photos/Band & Orchestra/juno_jsr71_default.png
Juno,Band & Orchestra,"Stands, Mutes, & Reeds",JSR3,JCR01,B Flat Clarinet Reeds,"10 Reeds 2.5, 3",,,,21.00,16.59,,,,,,,,juno_jcr01_default.png,/Users/lpdmusic/Documents/New project/Photos/Band & Orchestra/juno_jcr01_default.png
Juno,Band & Orchestra,"Stands, Mutes, & Reeds",JSR3,JCR01,B Flat Clarinet Reeds,10 Reeds 2,,,,19.99,15.99,,,,,,,,juno_jcr01_default.png,/Users/lpdmusic/Documents/New project/Photos/Band & Orchestra/juno_jcr01_default.png
Juno,Band & Orchestra,"Stands, Mutes, & Reeds",JSR3,JCR01/3,B Flat Clarinet Reeds,"3 Reed Card 2.5, 3",,,,11.00,6.59,,,,,,,,juno_jcr01_default.png,/Users/lpdmusic/Documents/New project/Photos/Band & Orchestra/juno_jcr01_default.png
Juno,Band & Orchestra,"Stands, Mutes, & Reeds",JSR3,JCR01/3,B Flat Clarinet Reeds,3 Reed Card 2,,,,9.99,5.89,,,,,,,,juno_jcr01_default.png,/Users/lpdmusic/Documents/New project/Photos/Band & Orchestra/juno_jcr01_default.png
Vincent Bach,Band & Orchestra,Mouthpieces,,3506HAL,Shank Trombone Mouthpiece,,,,85.00,,73.20,,,,,,,,vincent-bach_3506hal_default.png,/Users/lpdmusic/Documents/New project/Photos/Band & Orchestra/vincent-bach_3506hal_default.png
Vincent Bach,Band & Orchestra,Mouthpieces,,B3513C,"Trumpet Mouthpiece, 3C",,,,65.00,,54.92,,,,,,,,vincent-bach_b3513c_default.png,/Users/lpdmusic/Documents/New project/Photos/Band & Orchestra/vincent-bach_b3513c_default.png
Vincent Bach,Band & Orchestra,Mouthpieces,,B3517C,"Trumpet Mouthpiece, 7C",,,,65.00,,54.92,,,,,,,,vincent-bach_b3517c_default.png,/Users/lpdmusic/Documents/New project/Photos/Band & Orchestra/vincent-bach_b3517c_default.png
Blessing,Band & Orchestra,Mouthpieces,BL01,bt,Horn Mouthpiece,"Trumpet 3C, 5C, 7C, 10.5C",,,43.25,,18.38,,,,,,,,blessing_bt_default.png,/Users/lpdmusic/Documents/New project/Photos/Band & Orchestra/blessing_bt_default.png
Blessing,Band & Orchestra,Mouthpieces,BL01,BC,Horn Mouthpiece,Cornet 7C,,,43.25,,18.38,,,,,,,,blessing_bc_default.png,/Users/lpdmusic/Documents/New project/Photos/Band & Orchestra/blessing_bc_default.png
Blessing,Band & Orchestra,Mouthpieces,BL01,BFH,Horn Mouthpiece,French Horn 11,,,43.25,,18.38,,,,,,,,blessing_bfh_default.png,/Users/lpdmusic/Documents/New project/Photos/Band & Orchestra/blessing_bfh_default.png
Blessing,Band & Orchestra,Mouthpieces,BL01,BTB,Horn Mouthpiece,"Trombone/Baritone 6.5AL, 12C, 7C",,,62.25,,26.46,,,,,,,,blessing_btb_default.png,/Users/lpdmusic/Documents/New project/Photos/Band & Orchestra/blessing_btb_default.png
Blessing,Band & Orchestra,Mouthpieces,BL01,BTU,Horn Mouthpiece,"Tuba 18AW, 24AW",,,108.00,,45.90,,,,,,,,blessing_btu_default.png,/Users/lpdmusic/Documents/New project/Photos/Band & Orchestra/blessing_btu_default.png
Windsor,Band & Orchestra,Mouthpieces,,AMK,Alto Saxophone Mouthpiece,,,,14.95,,6.45,,,,,,,,windsor_amk_default.png,/Users/lpdmusic/Documents/New project/Photos/Band & Orchestra/windsor_amk_default.png
Windsor,Band & Orchestra,Mouthpieces,,TROMBONE12C,Trombone 12C,,,,19.50,,8.40,,,,,,,,windsor_trombone12c_default.png,/Users/lpdmusic/Documents/New project/Photos/Band & Orchestra/windsor_trombone12c_default.png
Selmer,Band & Orchestra,Mouthpieces,,SCME3,B Flat Clarinet Mouthpiece,,,,42.00,,21.98,,,,,,,,selmer_scme3_default.png,/Users/lpdmusic/Documents/New project/Photos/Band & Orchestra/selmer_scme3_default.png
Selmer,Band & Orchestra,Mouthpieces,,SASME3,Alto Saxophone Mouthpiece,,,,44.00,,23.49,,,,,,,,selmer_sasme3_default.png,/Users/lpdmusic/Documents/New project/Photos/Band & Orchestra/selmer_sasme3_default.png
Grover,Band & Orchestra,"Caps, Ligatures, & Endplugs",GR01,332,Ligature,Clarinet,,,6.50,,3.09,,,,,,,,grover_332_default.png,/Users/lpdmusic/Documents/New project/Photos/Band & Orchestra/grover_332_default.png
Grover,Band & Orchestra,"Caps, Ligatures, & Endplugs",GR01,334,Ligature,Alto Sax,,,7.50,,3.56,,,,,,,,grover_334_default.png,/Users/lpdmusic/Documents/New project/Photos/Band & Orchestra/grover_334_default.png
Grover,Band & Orchestra,"Caps, Ligatures, & Endplugs",,336,Tenor Sax Ligature,,,,6.50,,3.09,,,,,,,,grover_336_default.png,/Users/lpdmusic/Documents/New project/Photos/Band & Orchestra/grover_336_default.png
Grover,Band & Orchestra,"Caps, Ligatures, & Endplugs",GR02,3286,End Plug,Alto Sax ,,,2.50,,1.25,,,,,,,,grover_3286_default.png,/Users/lpdmusic/Documents/New project/Photos/Band & Orchestra/grover_3286_default.png
Grover,Band & Orchestra,"Caps, Ligatures, & Endplugs",GR02,3287,End Plug,Tenor Sax ,,,2.50,,1.25,,,,,,,,grover_3287_default.png,/Users/lpdmusic/Documents/New project/Photos/Band & Orchestra/grover_3287_default.png
APM,Band & Orchestra,"Caps, Ligatures, & Endplugs",,AP336G,Tenor Sax Ligature,,,,11.85,,5.63,,,,,,,,apm_ap336g_default.png,/Users/lpdmusic/Documents/New project/Photos/Band & Orchestra/apm_ap336g_default.png
APM,Band & Orchestra,"Caps, Ligatures, & Endplugs",APM01,AP332N,Ligature,Clarinet ,,,10.00,,4.75,,,,,,,,apm_ap332n_default.png,/Users/lpdmusic/Documents/New project/Photos/Band & Orchestra/apm_ap332n_default.png
APM,Band & Orchestra,"Caps, Ligatures, & Endplugs",APM01,AP334G,Ligature,Alto Sax ,,,10.95,,5.20,,,,,,,,apm_ap334g_default.png,/Users/lpdmusic/Documents/New project/Photos/Band & Orchestra/apm_ap334g_default.png
APM,Band & Orchestra,"Caps, Ligatures, & Endplugs",APM02,324PL,Plastic Cap,Clarinet ,,,4.00,,1.90,,,,,,,,apm_324pl_default.png,/Users/lpdmusic/Documents/New project/Photos/Band & Orchestra/apm_324pl_default.png
APM,Band & Orchestra,"Caps, Ligatures, & Endplugs",APM02,326PL,Plastic Cap,Alto Sax ,,,4.30,,2.04,,,,,,,,apm_326pl_default.png,/Users/lpdmusic/Documents/New project/Photos/Band & Orchestra/apm_326pl_default.png
APM,Band & Orchestra,"Caps, Ligatures, & Endplugs",APM02,328PL,Plastic Cap,Tenor ,,,4.65,,2.21,,,,,,,,apm_328pl_default.png,/Users/lpdmusic/Documents/New project/Photos/Band & Orchestra/apm_328pl_default.png
Neotech,Band & Orchestra,Straps,,2301192,C.E.O. Comfort,,,,19.99,,9.90,,,,,,,,neotech_2301192_default.png,/Users/lpdmusic/Documents/New project/Photos/Band & Orchestra/neotech_2301192_default.png
Neotech,Band & Orchestra,Straps,,1904162,Soft Sax Swivel Royal,,,,29.49,,13.27,,,,,,,,neotech_1904162_default.png,/Users/lpdmusic/Documents/New project/Photos/Band & Orchestra/neotech_1904162_default.png
Neotech,Band & Orchestra,Straps,,2201192,Tux Strap,,,,19.99,,10.12,,,,,,,,neotech_2201192_default.png,/Users/lpdmusic/Documents/New project/Photos/Band & Orchestra/neotech_2201192_default.png
Neotech,Band & Orchestra,Straps,,1906162,Soft Sax Swivel Wine,,,,29.49,,13.27,,,,,,,,neotech_1906162_default.png,/Users/lpdmusic/Documents/New project/Photos/Band & Orchestra/neotech_1906162_default.png
Neotech,Band & Orchestra,Straps,,1901172,Soft Harness Sax XL,,,,26.99,,13.50,,,,,,,,neotech_1901172_default.png,/Users/lpdmusic/Documents/New project/Photos/Band & Orchestra/neotech_1901172_default.png
Neotech,Band & Orchestra,Straps,,8401152,Wick-It Sax Jr,,,,26.49,,11.92,,,,,,,,neotech_8401152_default.png,/Users/lpdmusic/Documents/New project/Photos/Band & Orchestra/neotech_8401152_default.png
Neotech,Band & Orchestra,Straps,,5101122,Trumpet Brass Wrap,,,,8.99,,4.50,,,,,,,,neotech_5101122_default.png,/Users/lpdmusic/Documents/New project/Photos/Band & Orchestra/neotech_5101122_default.png
Neotech,Band & Orchestra,Straps,,2501162,Soft Harness Sax,,,,48.99,,22.05,,,,,,,,neotech_2501162_default.png,/Users/lpdmusic/Documents/New project/Photos/Band & Orchestra/neotech_2501162_default.png
APM,Band & Orchestra,Lyres,,AP500XLG,Sousaphone Extra Long,,,,12.75,,6.39,,,,,6.05,,,apm_ap500xlg_default.png,/Users/lpdmusic/Documents/New project/Photos/Band & Orchestra/apm_ap500xlg_default.png
APM,Band & Orchestra,Lyres,,AP500LG,Lyre Sousaphone/Bari,,,,10.00,,4.99,,,,,4.75,,,apm_ap500lg_default.png,/Users/lpdmusic/Documents/New project/Photos/Band & Orchestra/apm_ap500lg_default.png
APM,Band & Orchestra,Lyres,,AP506N,Clarinet w/Ring,,,,14.30,,7.18,,,,,6.79,,,apm_ap506n_default.png,/Users/lpdmusic/Documents/New project/Photos/Band & Orchestra/apm_ap506n_default.png
APM,Band & Orchestra,Lyres,,AP517G,Saxophone,,,,10.00,,4.98,,,,,4.75,,,apm_ap517g_default.png,/Users/lpdmusic/Documents/New project/Photos/Band & Orchestra/apm_ap517g_default.png
APM,Band & Orchestra,Lyres,,AP501G,Trumpet Bent Stem,,,,9.50,,4.75,,,,,4.50,,,apm_ap501g_default.png,/Users/lpdmusic/Documents/New project/Photos/Band & Orchestra/apm_ap501g_default.png
APM,Band & Orchestra,Lyres,,AP502N,Trumpet Clamp On,,,,18.50,,9.29,,,,,8.79,,,apm_ap502n_default.png,/Users/lpdmusic/Documents/New project/Photos/Band & Orchestra/apm_ap502n_default.png
Peformer,Band & Orchestra,Lyres,,500,Trumpet Straight,,,,3.20,,1.35,,,,,,,,performer_500_default.png,/Users/lpdmusic/Documents/New project/Photos/Band & Orchestra/performer_500_default.png
Selmer,Band & Orchestra,Instrument Care,,2944,Clarinet Swab Dry Bore,,,,7.00,,3.10,,,,,,,,selmer_2944_default.png,/Users/lpdmusic/Documents/New project/Photos/Band & Orchestra/selmer_2944_default.png
Selmer,Band & Orchestra,Instrument Care,,2952,Lacquer Finish Polishing Cloth,,,,8.00,,4.49,,,,,,,,selmer_2952_default.png,/Users/lpdmusic/Documents/New project/Photos/Band & Orchestra/selmer_2952_default.png
Selmer,Band & Orchestra,Instrument Care,,2955,Plated Finish Polishing Cloth,,,,8.00,,4.49,,,,,,,,selmer_2955_default.png,/Users/lpdmusic/Documents/New project/Photos/Band & Orchestra/selmer_2955_default.png
Selmer,Band & Orchestra,Instrument Care,,366F,Flute/Piccolo Care Kit,,"Cleaning brush, 2 cleaning cloths, key oil, & polishing cloth.",,36.00,,20.99,,,,,,,,selmer_366f_default.png,/Users/lpdmusic/Documents/New project/Photos/Band & Orchestra/selmer_366f_default.png
Herco,Band & Orchestra,Instrument Care,HE01,HE81,Complete Care Kit,Trumpet/Cornet,,,45.99,,20.70,,,,,,,,herco_he81_default.png,/Users/lpdmusic/Documents/New project/Photos/Band & Orchestra/herco_he81_default.png
Herco,Band & Orchestra,Instrument Care,HE01,HE105,Complete Care Kit,Wood Clarinet,,,44.99,,20.25,,,,,,,,herco_he105_default.png,/Users/lpdmusic/Documents/New project/Photos/Band & Orchestra/herco_he105_default.png
Herco,Band & Orchestra,Instrument Care,HE01,HE106,Complete Care Kit,Composition Clarinet,,,34.00,,15.30,,,,,,,,herco_he106_default.png,/Users/lpdmusic/Documents/New project/Photos/Band & Orchestra/herco_he106_default.png
Glaesel,Band & Orchestra,Instrument Care,,GL3982,Violin / Viola Care Kit,,"Contains peg compound, violin humidifier, rosin, “A” pitch pipe, chin rest key, polish and polishing cloth.",,45.00,,24.30,,,,,,,,glaesel_gl3982_default.png,/Users/lpdmusic/Documents/New project/Photos/Band & Orchestra/glaesel_gl3982_default.png
Selmer,Band & Orchestra,Instrument Care,,337RC,Slide-O-Mix Trombone Lube 30ml,,,,16.00,,8.25,,,,,,,,selmer_337rc_default.png,/Users/lpdmusic/Documents/New project/Photos/Band & Orchestra/selmer_337rc_default.png
Holton,Band & Orchestra,Instrument Care,,VOH3250,"Valve, Slide/Bore Oil",,,,5.75,,3.55,,,,,3.33,,,holton_voh3250_default.png,/Users/lpdmusic/Documents/New project/Photos/Band & Orchestra/holton_voh3250_default.png
Blue Juice,Band & Orchestra,Instrument Care,,BJ2,Valve Oil 2 Oz,,,,6.99,,3.99,,,,,3.79,,,blue-juice_bj2_default.png,/Users/lpdmusic/Documents/New project/Photos/Band & Orchestra/blue-juice_bj2_default.png
CG Conn,Band & Orchestra,Instrument Care,,BO4105,Bore Oil 1 Dozen,,,,7.00,,3.55,,,,,3.33,,,cg-conn_bo4105_default.png,/Users/lpdmusic/Documents/New project/Photos/Band & Orchestra/cg-conn_bo4105_default.png
Vincent Bach,Band & Orchestra,Instrument Care,,B1885V,Valve Oil 1.6 Oz Regular,,,,8.00,,3.60,,,,,3.40,,,vincent-bach_b1885v_default.png,/Users/lpdmusic/Documents/New project/Photos/Band & Orchestra/vincent-bach_b1885v_default.png
Vincent Bach,Band & Orchestra,Instrument Care,,2942BSG,Tuning Slide Lubricant 1.6 Oz,,,,8.00,,3.60,,,,,3.40,,,vincent-bach_2942bsg_default.png,/Users/lpdmusic/Documents/New project/Photos/Band & Orchestra/vincent-bach_2942bsg_default.png
Roche Thomas,Band & Orchestra,Instrument Care,,RT48,Case Freshener,,,,10.25,,4.61,,,,,,,,roche-thomas_rt48_default.png,/Users/lpdmusic/Documents/New project/Photos/Band & Orchestra/roche-thomas_rt48_default.png
Vincent Bach,Band & Orchestra,Instrument Care,,1887,Tuning Slide Grease,,,,8.00,,4.32,,,,,4.09,,,vincent-bach_1887_default.png,/Users/lpdmusic/Documents/New project/Photos/Band & Orchestra/vincent-bach_1887_default.png
Vincent Bach,Band & Orchestra,Instrument Care,,1880,Trombone Slide Cream,,,,8.00,,3.60,,,,,3.40,,,vincent-bach_1880_default.png,/Users/lpdmusic/Documents/New project/Photos/Band & Orchestra/vincent-bach_1880_default.png
Grover,Band & Orchestra,Instrument Care,,1885,Sterisol Germicide 8 Oz. Spray,,,,8.50,,3.83,,,,,,,,grover_1885_default.png,/Users/lpdmusic/Documents/New project/Photos/Band & Orchestra/grover_1885_default.png
Herco,Band & Orchestra,Instrument Care,,HVTROM,Trombone Vinyl Cover,,,,14.30,,6.44,,,,,,,,herco_hvtrom_default.png,/Users/lpdmusic/Documents/New project/Photos/Band & Orchestra/herco_hvtrom_default.png
HWP,Band & Orchestra,Instrument Care,,UBST,Wood Clarinet,,,,18.00,,8.10,,,,,,,,hwp_ubst_default.png,/Users/lpdmusic/Documents/New project/Photos/Band & Orchestra/hwp_ubst_default.png
HWP,Band & Orchestra,Instrument Care,HWP01,UALT,Pad-Saver,Alto Sax ,,,26.00,,11.70,,,,,,,,hwp_ualt_default.png,/Users/lpdmusic/Documents/New project/Photos/Band & Orchestra/hwp_ualt_default.png
HWP,Band & Orchestra,Instrument Care,HWP01,UCLA,Pad-Saver,Clarinet ,,,18.00,,8.10,,,,,,,,hwp_ucla_default.png,/Users/lpdmusic/Documents/New project/Photos/Band & Orchestra/hwp_ucla_default.png
HWP,Band & Orchestra,Instrument Care,HWP01,UFLU,Pad-Saver,Flute ,,,16.00,,7.20,,,,,,,,hwp_uflu_default.png,/Users/lpdmusic/Documents/New project/Photos/Band & Orchestra/hwp_uflu_default.png
HWP,Band & Orchestra,Instrument Care,HWP01,UFSM,Pad-Saver,Flute 2 Pack,,,19.00,,8.55,,,,,,,,hwp_ufsm_default.png,/Users/lpdmusic/Documents/New project/Photos/Band & Orchestra/hwp_ufsm_default.png
HWP,Band & Orchestra,Instrument Care,HWP01,UMP12,Pad-Saver,Mouthpiece 12 Pack,,,35.00,,15.75,,,,,,,,hwp_ump12_default.png,/Users/lpdmusic/Documents/New project/Photos/Band & Orchestra/hwp_ump12_default.png
HWP,Band & Orchestra,Instrument Care,HWP01,USOP,Pad-Saver,Soprano Sax ,,,25.00,,11.25,,,,,,,,hwp_usop_default.png,/Users/lpdmusic/Documents/New project/Photos/Band & Orchestra/hwp_usop_default.png
HWP,Band & Orchestra,Instrument Care,HWP01,UTGN,Pad-Saver,Tenor Sax Gooseneck ,,,11.00,,4.95,,,,,,,,hwp_utgn_default.png,/Users/lpdmusic/Documents/New project/Photos/Band & Orchestra/hwp_utgn_default.png
Micro,Band & Orchestra,Instrument Care,,6015,Saxophone Neck Cleaner,,,,7.10,,3.20,,,,,,,,micro_6015_default.png,/Users/lpdmusic/Documents/New project/Photos/Band & Orchestra/micro_6015_default.png
Yamaha,Band & Orchestra,Instrument Care,,YAC1077P,Trumpet Clearer Vinyl Cover,,,,9.99,,4.75,,,,,,,,yamaha_yac1077p_default.png,/Users/lpdmusic/Documents/New project/Photos/Band & Orchestra/yamaha_yac1077p_default.png
Grover,Band & Orchestra,Instrument Care,,FSWAB,Flute Swab,,,,4.95,,2.35,,,,,,,,grover_fswab_default.png,/Users/lpdmusic/Documents/New project/Photos/Band & Orchestra/grover_fswab_default.png
Grover,Band & Orchestra,Instrument Care,,3241,Grover Reed Mouthpiece Brush,,,,3.50,,1.75,,,,,,,,grover_3241_default.png,/Users/lpdmusic/Documents/New project/Photos/Band & Orchestra/grover_3241_default.png
Grover,Band & Orchestra,Instrument Care,,3242,Grover Reed Mouthpiece Brush,,,,3.50,,1.75,,,,,,,,grover_3242_default.png,/Users/lpdmusic/Documents/New project/Photos/Band & Orchestra/grover_3242_default.png
Grover,Band & Orchestra,Instrument Care,,FCR,Flute Cleaning Rod,,,,4.95,,2.35,,,,,,,,grover_fcr_default.png,/Users/lpdmusic/Documents/New project/Photos/Band & Orchestra/grover_fcr_default.png
Grover,Band & Orchestra,Instrument Care,,5460,Violin Humidifier,,,,11.95,,5.38,,,,,,,,grover_5460_default.png,/Users/lpdmusic/Documents/New project/Photos/Band & Orchestra/grover_5460_default.png
Grover,Band & Orchestra,Instrument Care,GR03,TR2203,Thumb Cushions,Clarinet,,,2.50,,1.19,,,,,,,,grover_tr2203_default.png,/Users/lpdmusic/Documents/New project/Photos/Band & Orchestra/grover_tr2203_default.png
Grover,Band & Orchestra,Instrument Care,GR03,TR2204,Thumb Cushions,Saxophone,,,1.95,,0.93,,,,,,,,grover_tr2204_default.png,/Users/lpdmusic/Documents/New project/Photos/Band & Orchestra/grover_tr2204_default.png
Sherman’s,Band & Orchestra,Instrument Care,SH01,SR1,Rosin,Light Violin ,,,6.95,,3.48,,,,,3.13,,,sherman_sr1_default.png,/Users/lpdmusic/Documents/New project/Photos/Band & Orchestra/sherman_sr1_default.png
Sherman’s,Band & Orchestra,Instrument Care,SH01,SR2,Rosin,Light Cello ,,,6.95,,3.48,,,,,3.13,,,sherman_sr2_default.png,/Users/lpdmusic/Documents/New project/Photos/Band & Orchestra/sherman_sr2_default.png
Sherman’s,Band & Orchestra,Instrument Care,SH01,SR3,Rosin,Light Bass ,,,6.90,,3.45,,,,,3.13,,,sherman_sr3_default.png,/Users/lpdmusic/Documents/New project/Photos/Band & Orchestra/sherman_sr3_default.png
Sherman’s,Band & Orchestra,Instrument Care,SH01,SR1D,Rosin,Dark Violin ,,,6.95,,3.48,,,,,3.13,,,sherman_sr1d_default.png,/Users/lpdmusic/Documents/New project/Photos/Band & Orchestra/sherman_sr1d_default.png
Josef Bremen,Band & Orchestra,"Strings, Bows, & Hangers",,IM601,Cherrywood Violin Bow,,"Available in: 4/4, 3/4, 1/2",,25.00,,10.19,,,,,,,,josef-bremen_im601_default.png,/Users/lpdmusic/Documents/New project/Photos/Band & Orchestra/josef-bremen_im601_default.png
Josef Bremen,Band & Orchestra,"Strings, Bows, & Hangers",,IM701,Cello Bow,,Available in: 4/4,,45.00,,18.95,,,,,,,,josef-bremen_im701_default.png,/Users/lpdmusic/Documents/New project/Photos/Band & Orchestra/josef-bremen_im701_default.png
String Swing,Band & Orchestra,"Strings, Bows, & Hangers",,BCC04V,Mic/Music Stand Violin Hanger,,,,20.39,,9.69,,,,,,,,string-swing_bcc04v_default.png,/Users/lpdmusic/Documents/New project/Photos/Band & Orchestra/string-swing_bcc04v_default.png
Anton Breton,Band & Orchestra,"Strings, Bows, & Hangers",,AB110,Brazil Wood Violin Bow,,Available in: 4/4,,32.95,,17.49,,,,,,,,anton-breton_ab110_default.png,/Users/lpdmusic/Documents/New project/Photos/Band & Orchestra/anton-breton_ab110_default.png
Super Sensitive,Band & Orchestra,"Strings, Bows, & Hangers",SS01,SS21012,Violin Strings,1/2,,,,,14.80,,,,,,,,super-sensitive_ss21012_default.png,/Users/lpdmusic/Documents/New project/Photos/Band & Orchestra/super-sensitive_ss21012_default.png
Super Sensitive,Band & Orchestra,"Strings, Bows, & Hangers",SS01,SS21034,Violin Strings,3/4,,,,,14.80,,,,,,,,super-sensitive_ss21012_default.png,/Users/lpdmusic/Documents/New project/Photos/Band & Orchestra/super-sensitive_ss21012_default.png
Super Sensitive,Band & Orchestra,"Strings, Bows, & Hangers",SS01,SS21134,Violin Strings,E 3/4,,,,,2.29,,,,,,,,super-sensitive_ss21012_default.png,/Users/lpdmusic/Documents/New project/Photos/Band & Orchestra/super-sensitive_ss21012_default.png
Super Sensitive,Band & Orchestra,"Strings, Bows, & Hangers",SS01,SS21334,Violin Strings,D 3/4,,,,,5.40,,,,,,,,super-sensitive_ss21012_default.png,/Users/lpdmusic/Documents/New project/Photos/Band & Orchestra/super-sensitive_ss21012_default.png
Super Sensitive,Band & Orchestra,"Strings, Bows, & Hangers",SS01,SS21412,Violin Strings,G 1/2,,,,,5.57,,,,,,,,super-sensitive_ss21012_default.png,/Users/lpdmusic/Documents/New project/Photos/Band & Orchestra/super-sensitive_ss21012_default.png
Super Sensitive,Band & Orchestra,"Strings, Bows, & Hangers",SS01,SS21434,Violin Strings,G 3/4,,,,,5.57,,,,,,,,super-sensitive_ss21012_default.png,/Users/lpdmusic/Documents/New project/Photos/Band & Orchestra/super-sensitive_ss21012_default.png
Super Sensitive,Band & Orchestra,"Strings, Bows, & Hangers",SS02,SS610,Cello Medium Strings,4/4,,,,,48.88,,,,,,,,super-sensitive_ss610_default.png,/Users/lpdmusic/Documents/New project/Photos/Band & Orchestra/super-sensitive_ss610_default.png
Super Sensitive,Band & Orchestra,"Strings, Bows, & Hangers",SS02,SS613,Cello Medium Strings,G 4/4,,,,,15.22,,,,,,,,super-sensitive_ss610_default.png,/Users/lpdmusic/Documents/New project/Photos/Band & Orchestra/super-sensitive_ss610_default.png
Super Sensitive,Band & Orchestra,"Strings, Bows, & Hangers",SS02,SS614,Cello Medium Strings,C 4/4,,,,,16.56,,,,,,,,super-sensitive_ss610_default.png,/Users/lpdmusic/Documents/New project/Photos/Band & Orchestra/super-sensitive_ss610_default.png
Super Sensitive,Band & Orchestra,"Strings, Bows, & Hangers",,SS414,Viola Strings C Medium Standard,,,,,,8.76,,,,,,,,super-sensitive_ss414_default.png,/Users/lpdmusic/Documents/New project/Photos/Band & Orchestra/super-sensitive_ss414_default.png
Anton Breton,Band & Orchestra,"Strings, Bows, & Hangers",,VNS-139,Violin Strings 4/4,,,,7.95,,4.39,,,,,,,,anton-breton_vns-139_default.png,/Users/lpdmusic/Documents/New project/Photos/Band & Orchestra/anton-breton_vns-139_default.png
Anton Breton,Band & Orchestra,"Strings, Bows, & Hangers",,VNS-149,Viola Strings,,,,15.95,,8.95,,,,,,,,anton-breton_vns-149_default.png,/Users/lpdmusic/Documents/New project/Photos/Band & Orchestra/anton-breton_vns-149_default.png
Kun,Band & Orchestra,Parts,KU01,KUN200,Violin & Viola Shoulder Rest,Original 1/2-3/4,,,50.99,,26.97,,,,,,,,kun_kun200_default.png,/Users/lpdmusic/Documents/New project/Photos/Band & Orchestra/kun_kun200_default.png
Kun,Band & Orchestra,Parts,KU01,KUN200C,Violin & Viola Shoulder Rest,Collapsible 1/2-3/4,,,53.99,,27.98,,,,,,,,kun_kun200_default.png,/Users/lpdmusic/Documents/New project/Photos/Band & Orchestra/kun_kun200_default.png
Kun,Band & Orchestra,Parts,KU01,KUN300,Violin & Viola Shoulder Rest,Original 4/4,,,52.99,,27.44,,,,,,,,kun_kun200_default.png,/Users/lpdmusic/Documents/New project/Photos/Band & Orchestra/kun_kun200_default.png
Kun,Band & Orchestra,Parts,KU01,KUN300C,Violin & Viola Shoulder Rest,Collapsible 4/4,,,55.99,,29.74,,,,,,,,kun_kun200_default.png,/Users/lpdmusic/Documents/New project/Photos/Band & Orchestra/kun_kun200_default.png
Everest,Band & Orchestra,Parts,,SRVE,Shoulder Rest,,,,24.99,,12.59,,,,,,,,everest_srve_default.png,/Users/lpdmusic/Documents/New project/Photos/Band & Orchestra/everest_srve_default.png
Trophy,Band & Orchestra,Parts,,4080,End Pin Holder,,,,11.95,,5.38,,,,,,,,trophy_4080_default.png,/Users/lpdmusic/Documents/New project/Photos/Band & Orchestra/trophy_4080_default.png
Teller,Band & Orchestra,Parts,,5465,Fitted 4/4 Bridge,,,,13.95,,6.28,,,,,,,,teller_5465_default.png,/Users/lpdmusic/Documents/New project/Photos/Band & Orchestra/teller_5465_default.png
LR Baggs,Band & Orchestra,Parts,,LR-VIO,Violin Pickup,,,,,189.00,148.50,,,,,,,,lr-baggs_lr-vio_default.png,/Users/lpdmusic/Documents/New project/Photos/Band & Orchestra/lr-baggs_lr-vio_default.png
Trophy,Band & Orchestra,Parts,,5468,Tailgut 4/4 Or 3/4,,,,3.95,,1.88,,,,,,,,trophy_5468_default.png,/Users/lpdmusic/Documents/New project/Photos/Band & Orchestra/trophy_5468_default.png
Tudor,Band & Orchestra,Percussion & Recorders,,TD175,1 Piece Plastic Recorders,,"Comes complete with a fingering chart, cleaning rod, and carrying pouch. ",Brown & White,4.95,,2.48,,,,,,,,tudor_td175_brown.png,/Users/lpdmusic/Documents/New project/Photos/Band & Orchestra/tudor_td175_brown.png
Tudor,Band & Orchestra,Percussion & Recorders,,TD185,2 Piece Plastic Recorder,,"Fingering chart, cleaning rod, and pouch. ",Brown & Red,6.95,,3.48,,,,,,,,tudor_td185_brown.png,/Users/lpdmusic/Documents/New project/Photos/Band & Orchestra/tudor_td185_brown.png
Tudor,Band & Orchestra,Percussion & Recorders,,TD180,2 Piece Plastic Recorders,,"Fingering chart, cleaning rod, and pouch.","Red, Purple, Green, Gold, and Blue",7.50,,3.75,,,,,,,,tudor_td180_blue.png,/Users/lpdmusic/Documents/New project/Photos/Band & Orchestra/tudor_td180_blue.png
Eastar,Band & Orchestra,Percussion & Recorders,,EB0369,Glockenspiel Xylo Kit,,"Xylo 32 note x1, Glockenspiel stick x2, drum stick x2, Glockenspiel Stand x1, 8” Practice Pad x1, Bag x1, 12-Month Product Service.",,189.99,,144.99,,,,,,,,eastar_eb0369_default.png,/Users/lpdmusic/Documents/New project/Photos/Band & Orchestra/eastar_eb0369_default.png
On-Stage,Band & Orchestra,Percussion & Recorders,,OSBSK2500,Bell Kit,,"32 bells (2.5 octaves), Bells mount quickly, Nonslip rubber feet, Stand adjusts in height from 25"" to 38""",,340.99,,129.95,,,,,,,,onstage_osbsk2500_default.png,/Users/lpdmusic/Documents/New project/Photos/Band & Orchestra/onstage_osbsk2500_default.png
Guitto,Band & Orchestra,Music Stands,,GSS-03,Steel Stage Music Stand W/Bag,,"Lightweight, portable & collapsible with adjustable height up to 55.5”. Includes user-friendly adjustment knob, steel page holders, and bag.",,14.99,,7.99,,,,,,,,guitto_gss-03_default.png,/Users/lpdmusic/Documents/New project/Photos/Band & Orchestra/guitto_gss-03_default.png
JamStands,Band & Orchestra,Music Stands,,JS-CMS100+,Compact Music Stand W/Bag,,"Adjustable height from 25” - 50”, Folds into a compact, portable unit, Includes carry bag",,38.99,,10.49,,,,9.99,,,,jamstands_js-cms100+_default.png,/Users/lpdmusic/Documents/New project/Photos/Band & Orchestra/jamstands_js-cms100+_default.png
JamStands,Band & Orchestra,Music Stands,,JSMS200,Heavy Duty Music Stand,,"Adjustable height from 37” - 56”, Folds compactly for storage",,91.99,,29.99,28.99,,,,,,,jamstands_jsms200_default.png,/Users/lpdmusic/Documents/New project/Photos/Band & Orchestra/jamstands_jsms200_default.png
Guitto,Band & Orchestra,Music Stands,,GSS-01B,Collapsible Music Stand,,"Three height adjustable, Collapsible music rack, Made of polyamide",,54.99,,29.85,,,,,,,,guitto_gss-01b_default.png,/Users/lpdmusic/Documents/New project/Photos/Band & Orchestra/guitto_gss-01b_default.png
On-Stage,Band & Orchestra,Music Stands,,OSSM7211B,Music Stand W/Tripod Base,,,,,56.95,34.95,,,,,,,,onstage_ossm7211b_default.png,/Users/lpdmusic/Documents/New project/Photos/Band & Orchestra/onstage_ossm7211b_default.png
Hamilton,Band & Orchestra,Music Stands,,KB95/E-2,Hamilton Music Stand W/Clutch,,,,139.99,,66.50,,,,,,,,hamilton_kb95:e-2_default.png,/Users/lpdmusic/Documents/New project/Photos/Band & Orchestra/hamilton_kb95:e-2_default.png
Hamilton,Band & Orchestra,Music Stands,,KB400B,Classic American Stand Black,,,,27.99,,8.92,,,,,8.49,,8.09,hamilton_kb400b_default.png,/Users/lpdmusic/Documents/New project/Photos/Band & Orchestra/hamilton_kb400b_default.png
Hamilton,Band & Orchestra,Music Stands,,KB400N,Classic American Stand Chrome,,,,34.99,,10.66,,,,,9.99,,9.49,hamilton_kb400n_default.png,/Users/lpdmusic/Documents/New project/Photos/Band & Orchestra/hamilton_kb400n_default.png
Hamilton,Band & Orchestra,Music Stands,,KB900N,Deluxe Folding Stand,,,,37.99,,12.19,,,,,11.66,,11.25,hamilton_kb900n_default.png,/Users/lpdmusic/Documents/New project/Photos/Band & Orchestra/hamilton_kb900n_default.png
Hamilton,Band & Orchestra,Music Stands,,KB12,Music Stand Nylon Bag,,Fits 400N & 400B,,8.49,,3.45,,,,,,,,hamilton_kb12_default.png,/Users/lpdmusic/Documents/New project/Photos/Band & Orchestra/hamilton_kb12_default.png
Joyo,Band & Orchestra,Music Stands,,JSP-01,Wireless Page Turner,,"Wireless page turner, bluetooth connection for phones, ipads, laptops, easily switch to the next page of sheet music and pictures by foot pedal control.",,29.99,,19.99,,,,,,,,joyo_jsp-01_default.png,/Users/lpdmusic/Documents/New project/Photos/Band & Orchestra/joyo_jsp-01_default.png
Mighty Bright,Band & Orchestra,"Stand Lights, Folders, & Batons",,57920,Duoflex Light,,"40 lumens, Durable LEDs last 100,000 hours, Battery powered & chargable",,49.99,,24.99,,,,,,,,mighty-bright_57920_default.png,/Users/lpdmusic/Documents/New project/Photos/Band & Orchestra/mighty-bright_57920_default.png
Mighty Bright,Band & Orchestra,"Stand Lights, Folders, & Batons",,54810,Hammerhead Light,,"Six energy-efficient LEDs, Durable LEDs last 100,000 hours, Two brightness settings",,25.59,,15.19,,,,,,,,mighty-bright_54810_default.png,/Users/lpdmusic/Documents/New project/Photos/Band & Orchestra/mighty-bright_54810_default.png
Mighty Bright,Band & Orchestra,"Stand Lights, Folders, & Batons",,53610,Recharge Light,,"8 LEDs provide 90 lumens of bright white, Back fin directs light away from audience, 12” flexible gooseneck, Battery bank charges smartphones",,43.99,,21.99,,,,,,,,mighty-bright_53610_default.png,/Users/lpdmusic/Documents/New project/Photos/Band & Orchestra/mighty-bright_53610_default.png
Mighty Bright,Band & Orchestra,"Stand Lights, Folders, & Batons",,53510,Orchestra Light,,"Extra large clip , 8” wide light head, Includes 3 AAA batteries , AC adapter",,69.95,,41.32,,,,,,,,mighty-bright_53510_default.png,/Users/lpdmusic/Documents/New project/Photos/Band & Orchestra/mighty-bright_53510_default.png
Mighty Bright,Band & Orchestra,"Stand Lights, Folders, & Batons",,47830,Nuflex Rechargeable Light,,"35 lumens, Flexible silicone and ABS plastic, 3 hr charge with included micro USB cable",,35.99,,17.99,,,,,,,,mighty-bright_47830_default.png,/Users/lpdmusic/Documents/New project/Photos/Band & Orchestra/mighty-bright_47830_default.png
Mighty Bright,Band & Orchestra,"Stand Lights, Folders, & Batons",,54910,Encore Stand Light,,"6 bright energy efficient LEDs, Battery powered",,52.99,,26.49,,,,,,,,mighty-bright_54910_default.png,/Users/lpdmusic/Documents/New project/Photos/Band & Orchestra/mighty-bright_54910_default.png
Mighty Bright,Band & Orchestra,"Stand Lights, Folders, & Batons",,80910,Light Cradle,,"Designed for personal use in low light backstage areas, the Roadie Lights package is comprised of a Carabiner LED and a Keychain LED.",,4.99,,2.49,,,,,,,,mighty-bright_80910_default.png,/Users/lpdmusic/Documents/New project/Photos/Band & Orchestra/mighty-bright_80910_default.png
Grover,Band & Orchestra,"Stand Lights, Folders, & Batons",,TR9400,Marching Flip Folder,,"Durable, Lightweight Plastic Flip Folder with 5 windows.",,7.50,,3.56,,,,,,3.38,,grover_tr9400_default.png,/Users/lpdmusic/Documents/New project/Photos/Band & Orchestra/grover_tr9400_default.png
Grover,Band & Orchestra,"Stand Lights, Folders, & Batons",,WINDOW,Marching Flip Folder Additional Window,,"Durable, Lightweight Plastic Flip Folder with 5 windows.",,0.95,,0.48,,,,,,,,grover_window_default.png,/Users/lpdmusic/Documents/New project/Photos/Band & Orchestra/grover_window_default.png
Hamilton,Band & Orchestra,"Stand Lights, Folders, & Batons",,HC260,Trumpet Folder,,,,17.95,,8.98,,,,,,,,deg_hc260_default.png,/Users/lpdmusic/Documents/New project/Photos/Band & Orchestra/deg_hc260_default.png
Hamilton,Band & Orchestra,"Stand Lights, Folders, & Batons",,HC225,Flute/Piccolo Folder,,,,15.95,,7.98,,,,,,,,deg_hc225_default.png,/Users/lpdmusic/Documents/New project/Photos/Band & Orchestra/deg_hc225_default.png
Latin Groove,Band & Orchestra,"Stand Lights, Folders, & Batons",LG01,TB716/24,Twirling Batons,24”,Chrome plated & balanced. 7/16” diameter steel shaft. Dimples on ends.,,17.00,,7.25,,,,,,,,latin-groove_tb716:24_default.png,/Users/lpdmusic/Documents/New project/Photos/Band & Orchestra/latin-groove_tb716:24_default.png
Latin Groove,Band & Orchestra,"Stand Lights, Folders, & Batons",LG01,TB716/26,Twirling Batons,26”,Chrome plated & balanced. 7/16” diameter steel shaft. Dimples on ends.,,19.00,,7.95,,,,,,,,latin-groove_tb716:26_default.png,/Users/lpdmusic/Documents/New project/Photos/Band & Orchestra/latin-groove_tb716:26_default.png
Hamilton,Band & Orchestra,"Stand Lights, Folders, & Batons",,HC250,Trombone Folder,,,,17.95,,8.98,,,,,,,,deg_hc250_default.png,/Users/lpdmusic/Documents/New project/Photos/Band & Orchestra/deg_hc250_default.png
Hamilton,Band & Orchestra,"Stand Lights, Folders, & Batons",,HC240,Snare Drum Folder,,,,15.95,,7.98,,,,,,,,deg_hc240_default.png,/Users/lpdmusic/Documents/New project/Photos/Band & Orchestra/deg_hc240_default.png
