sort_order,page,story_id,brand,top_category,subcategory,sku,product_name,description,colors,list_price,map_price,net_price,net_price_if_buy_4_or_more,net_price_if_buy_6_or_more,net_price_if_buy_12_or_more,source_image_name,source_image_path
,,,Casio,Keyboards,Keyboards,PXS1100BK,PX-S1100BK,The PS-X100 is designed to be a source of inspiration that fits perfectly into your life.,Black,,729.99,535.99,,,,casio_pxs1100bk_black.png,/Users/lpdmusic/Documents/New project/Photos/Keyboards/casio_pxs1100bk_black.png
,,,Casio,Keyboards,Keyboards,CDP-S360,CDP-S360,CDP-S360 delivers piano authenticity in a slim unibody case that’s barely larger than the keys themselves.,Black,,649.99,459.99,,,,casio_cdp-s360_black.png,/Users/lpdmusic/Documents/New project/Photos/Keyboards/casio_cdp-s360_black.png
,,,Casio,Keyboards,Keyboards,CDP-S160BK,CDP-S160BK,"Realistic, portable, and comfortable to play, the CDP-S160 redefines value in a digital piano.",Black,,549.99,359.99,,,,casio_cdp-s160bk_black.png,/Users/lpdmusic/Documents/New project/Photos/Keyboards/casio_cdp-s160bk_black.png
,,,Casio,Keyboards,Keyboards,CDP-S160cs,CDP-S160BK w/Stand,"Realistic, portable, and comfortable to play, the CDP-S160 redefines value in a digital piano.",Black,,679.99,459.99,,,,casio_cdp-s160cs_black.png,/Users/lpdmusic/Documents/New project/Photos/Keyboards/casio_cdp-s160cs_black.png
,,,Casio,Keyboards,Keyboards,LKS250,LK-S250,"The ultra-compact LK-S250 lets you make music wherever and whenever you want, with a Key Lighting system so you can easily learn your favorite songs.",Black,,239.99,159.99,,,,casio_lks250_black.png,/Users/lpdmusic/Documents/New project/Photos/Keyboards/casio_lks250_black.png
,,,Casio,Keyboards,Keyboards,SA-81,SA-81,The Casio 44-key SA-81 offers all discoverers of music the essentials for playing those first tunes.,Black,,89.99,64.95,,,,casio_sa-81_black.png,/Users/lpdmusic/Documents/New project/Photos/Keyboards/casio_sa-81_black.png
,,,Casio,Keyboards,Keyboards,CTS500,CT-S500,"The CT-S500 features 61 full-size touch responsive keys in a sleek, stylish case that weighs only 10 lbs, with an easy-to-read LCD display and intuitive controls.",Black,,449.99,299.99,,,,casio_cts500_black.png,/Users/lpdmusic/Documents/New project/Photos/Keyboards/casio_cts500_black.png
,,,Casio,Keyboards,Keyboards,CTS400,CT-S400,"If you’re sparking a new passion for music, or reigniting an old flame – this keyboard is the perfect home for all.",Black,,299.99,205.99,,,,casio_cts400_black.png,/Users/lpdmusic/Documents/New project/Photos/Keyboards/casio_cts400_black.png
,,,Casio,Keyboards,Keyboards,CTS300,CT-S300,"The compact size of 930 mm x 256 mm x 73 mm is 30% smaller in volume than the CTK-3500 model, and it boasts roughly 19 hours of alkaline battery life.",Black,,199.99,149.99,,,,casio_cts300_black.png,/Users/lpdmusic/Documents/New project/Photos/Keyboards/casio_cts300_black.png
,,,Casio,Keyboards,Keyboards,CTS200,CT-S200,The CTS200 has roughly 16 hours of alkaline battery life* & compact size of 930 mm x 256 mm x 73 mm.,Red & White,,169.99,118.99,,,,casio_cts200_red.png,/Users/lpdmusic/Documents/New project/Photos/Keyboards/casio_cts200_red.png
,,,Casio,Keyboards,Keyboards,CT-S1,CT-S1,61 full-size keys with touch response. Stereo grand piano plus 60 other AiX-powered tones.,Black,259.99,,179.99,,,,casio_ct-s1_black.png,/Users/lpdmusic/Documents/New project/Photos/Keyboards/casio_ct-s1_black.png
,,,Casio,Keyboards,Keyboards,CTX3000,CT-X3000,"The CT-X Series comes with the AiX Sound Source, which can produce a wide range of sound qualities from powerful bass tones to clear high tones.",Black,,409.99,284.99,,,,casio_ctx3000_black.png,/Users/lpdmusic/Documents/New project/Photos/Keyboards/casio_ctx3000_black.png
,,,Casio,Keyboards,Keyboards,CTX700,CTX700,"61 full-size touch-responsive keys, 600 Tones, 195 Rhythms, Bright, great-sounding built-in speakers, USB-MIDI, Operates on 6 AA batteries or AC Adapter (included)",Black,,239.99,169.99,,,,casio_ctx700_black.png,/Users/lpdmusic/Documents/New project/Photos/Keyboards/casio_ctx700_black.png
,,,Casio,Keyboards,Keyboards,CTX5000,CT-X5000,"Wherever you are on your musical journey, and no matter your budget, you shouldn’t have to compromise on sound quality. Meet the CT–X5000.",Black,,579.99,365.99,,,,casio_ctx5000_black.png,/Users/lpdmusic/Documents/New project/Photos/Keyboards/casio_ctx5000_black.png
,,,Casio,Keyboards,Keyboards,CT-S1-76,CTS1-76,"The CT-S1-76 is the expanded version of our great-sounding, stylish, ultra-portable CT-S1.",Black & White,,399.99,289.99,,,,casio_ct-s1-76_black.png,/Users/lpdmusic/Documents/New project/Photos/Keyboards/casio_ct-s1-76_black.png
,,,Casio,Keyboards,Keyboards,PX-770,PX-770,"The world-renowned Privia family of digital pianos grows with the PX-770, designed to provide a true grand piano experience in a slim, modern design.",Black,,1079.99,689.99,,,,casio_px-770_black.png,/Users/lpdmusic/Documents/New project/Photos/Keyboards/casio_px-770_black.png
,,,Casio,Keyboards,Keyboards,PX-770-WE,PX-770-WE,"The world-renowned Privia family of digital pianos grows with the PX-770, designed to provide a true grand piano experience in a slim, modern design.",White,,1079.99,689.99,,,,casio_px-770_white.png,/Users/lpdmusic/Documents/New project/Photos/Keyboards/casio_px-770_white.png
,,,Casio,Keyboards,Keyboards,PX-S7000HM,PX-S7000HM,The PX-S7000HM is a compact grand piano that looks every bit as good as it sounds and feels.,Yellow,,3199.99,1999.00,,,,casio_px-s7000hm_yellow.png,/Users/lpdmusic/Documents/New project/Photos/Keyboards/casio_px-s7000hm_yellow.png
,,,Strukture,Keyboards,Benches,SKBE1,Keyboard Bench,88 Full-size weighted scaled hammer action tri-sensor keys. 4 Layer Stereo Grand Piano Sound. Ebony & Ivory Feel Keys.,Black,69.95,,26.99,,,,strukture_skbe1_black.png,/Users/lpdmusic/Documents/New project/Photos/Keyboards/strukture_skbe1_black.png
,,,Jamstands,Keyboards,Benches,JSMB100,Medium Bench,,Black,92.99,,42.49,39.99,,,jamstands_jsmb100_black.png,/Users/lpdmusic/Documents/New project/Photos/Keyboards/jamstands_jsmb100_black.png
,,,Jamstands,Keyboards,Benches,JSSB100,Small Bench,,Black,82.99,,25.99,24.99,,,jamstands_jssb100_black.png,/Users/lpdmusic/Documents/New project/Photos/Keyboards/jamstands_jssb100_black.png
,,,Onstage,Keyboards,Benches,OSKT7800,3-Position X Bench,,Black,,64.95,37.79,,,,onstage_oskt7800_black.png,/Users/lpdmusic/Documents/New project/Photos/Keyboards/onstage_oskt7800_black.png
,,,M&M,Keyboards,Benches,D-XA,Keyboard and Guitar Player Bench,,Black,,29.99,19.49,,,,m&m_d-xa_black.png,/Users/lpdmusic/Documents/New project/Photos/Keyboards/m&m_d-xa_black.png
,,,Onstage,Keyboards,Bags,OSKBA4088,88-Key Keyboard Bag,,Black,,158.95,99.95,,,,onstage_oskba4088_black.png,/Users/lpdmusic/Documents/New project/Photos/Keyboards/onstage_oskba4088_black.png
,,,Onstage,Keyboards,Bags,OSKBA4061,61-Key Keyboard Bag,,Black,,83.95,53.95,,,,onstage_oskba4061_black.png,/Users/lpdmusic/Documents/New project/Photos/Keyboards/onstage_oskba4061_black.png
,,,Ultimate Support,Keyboards,Bags,USS1-49,49-Key Keyboard Bag,,Black,,69.99,29.99,,,,ultimate-support_uss1-49_black.png,/Users/lpdmusic/Documents/New project/Photos/Keyboards/ultimate-support_uss1-49_black.png
,,,Casio,Keyboards,Specialty Keyboards,PX-780,PX-780,88 Full-size weighted scaled hammer action tri-sensor keys. 4 Layer Stereo Grand Piano Sound. Ebony & Ivory Feel Keys.,Black,999.99,,739.99,,,,casio_px-780_black.png,/Users/lpdmusic/Documents/New project/Photos/Keyboards/casio_px-780_black.png
,,,Casio,Keyboards,Specialty Keyboards,PX-870,PX-870,"88-key, Tri-sensor Scaled Hammer Action Keyboard. Simulated ebony and ivory keys.",Black,1199.99,,749.99,,,,casio_px-870_black.png,/Users/lpdmusic/Documents/New project/Photos/Keyboards/casio_px-870_black.png
,,,Casio,Keyboards,Specialty Keyboards,PX-360BK,PX-360BK,"88-key, Tri-sensor Scaled Hammer Action Keyboard. Simulated ebony and ivory keys.",Black,999.99,,729.99,,,,casio_px-360bk_black.png,/Users/lpdmusic/Documents/New project/Photos/Keyboards/casio_px-360bk_black.png
,,,Casio,Keyboards,Specialty Keyboards,PX-S7000BK,PX-S7000,The Casio PX-S7000 digital piano delivers an unbeatable combination of high style and high performance.,Black,2499.99,,1799.99,,,,casio_px-s7000bk_black.png,/Users/lpdmusic/Documents/New project/Photos/Keyboards/casio_px-s7000bk_black.png
,,,Casio,Keyboards,Specialty Keyboards,PX-S7000WE,PX-S7000,The Casio PX-S7000 digital piano delivers an unbeatable combination of high style and high performance.,White,2499.99,,1799.99,,,,casio_px-s7000we_white.png,/Users/lpdmusic/Documents/New project/Photos/Keyboards/casio_px-s7000we_white.png
,,,Casio,Keyboards,Specialty Keyboards,PX-560,PX-560,"88-key, Tri-sensor Scaled Hammer Action Keyboard. Simulated ebony and ivory keys. Multi-dimensional Morphing AiR Sound Source. 650 tones.",Blue,1299.99,,949.99,,,,casio_px-560_blue.png,/Users/lpdmusic/Documents/New project/Photos/Keyboards/casio_px-560_blue.png
,,,Casio,Keyboards,Specialty Keyboards,PX-S3100BK,PX-S3100BK,"German concert grand piano with enhanced resonance. 700 tones, 200 accompaniment rhythms. Smart Scaled Hammer Action Keyboard with simulated ebony/ivory key textures.",Black,879.99,,639.99,,,,casio_px-s3100bk_black.png,/Users/lpdmusic/Documents/New project/Photos/Keyboards/casio_px-s3100bk_black.png
,,,Casio,Keyboards,Specialty Keyboards,PX-5S,PX-5S,"88-key, Tri-sensor Scaled Hammer Action Keyboard.",Black,1099.99,,749.99,,,,casio_px-5s_black.png,/Users/lpdmusic/Documents/New project/Photos/Keyboards/casio_px-5s_black.png
,,,Casio,Keyboards,Specialty Keyboards,LK-S450,LK-S450,"With an amazing collection of great-sounding Tones and Rhythms, the LK-S450 is ready to help you take your next musical steps. It's never been easier to learn to play your favorite songs, with 61 full-size keys with touch response, brilliant Key Lighting system to light the way forward.",Black,999.99,,245.99,,,,casio_lk-s450_black.png,/Users/lpdmusic/Documents/New project/Photos/Keyboards/casio_lk-s450_black.png
,,,Casio,Keyboards,Specialty Keyboards,AP-470WE,AP-470,"The Celviano AP-470 includes two stunning grand piano sounds, with varieties of each to suit any mood.",White,1699.99,,1179.99,,,,casio_ap-470we_white.png,/Users/lpdmusic/Documents/New project/Photos/Keyboards/casio_ap-470we_white.png
,,,Casio,Keyboards,Specialty Keyboards,AP-470BK,AP-470,"The Celviano AP-470 includes two stunning grand piano sounds, with varieties of each to suit any mood.",Black,1699.99,,1179.99,,,,casio_ap-470bk_black.png,/Users/lpdmusic/Documents/New project/Photos/Keyboards/casio_ap-470bk_black.png
,,,Casio,Keyboards,Specialty Keyboards,AP-470BN,AP-470,"The Celviano AP-470 includes two stunning grand piano sounds, with varieties of each to suit any mood.",Brown,1699.99,,1179.99,,,,casio_ap-470bn_brown.png,/Users/lpdmusic/Documents/New project/Photos/Keyboards/casio_ap-470bn_brown.png
,,,Casio,Keyboards,Specialty Keyboards,AP-710BK,AP-710,"The AP-710 delivers the world-class piano sound and feel that are the hallmarks of the Celviano series. Unlike most digital pianos, the AP-710 gives you the experience of owning three of the world’s most legendary and coveted grand pianos.",Black,2799.99,,1899.99,,,,casio_ap-710bk_black.png,/Users/lpdmusic/Documents/New project/Photos/Keyboards/casio_ap-710bk_black.png
,,,Onstage,Keyboards,Keyboard Stands,OSKS7171,2-X Keyboard Stand,Bolted construction provides durability for reliable performance. Double-braced frame and heavy-duty square tubing for dependable keyboard support.,Black,55.95,,30.99,,,,onstage_osks7171_black.png,/Users/lpdmusic/Documents/New project/Photos/Keyboards/onstage_osks7171_black.png
,,,Onstage,Keyboards,Keyboard Stands,OSKS7190,Single-X Stand,"Heavy-duty square tubing for dependable keyboard support. Pull knob releases and locks clutch for quick, easy height and width adjustments. Non-slip arm sleeves adjust to keyboard width to increase stability and prevent scratches.",Black,35.95,,21.69,,,,onstage_osks7190_black.png,/Users/lpdmusic/Documents/New project/Photos/Keyboards/onstage_osks7190_black.png
,,,Guitto,Keyboards,Keyboard Stands,GKS-01,Double Braced Stand,,Black,49.99,,25.49,,,,guitto_gks-01_black.png,/Users/lpdmusic/Documents/New project/Photos/Keyboards/guitto_gks-01_black.png
,,,Jamstands,Keyboards,Keyboard Stands,JSXS300,Single Brace X Stand,"Unassembled single-braced X-Stand, Strong, sturdy steel design, Five height positions, 65 lbs. load capacity",Black,54.99,,16.99,,15.99,,jamstands_jsxs300_black.png,/Users/lpdmusic/Documents/New project/Photos/Keyboards/jamstands_jsxs300_black.png
,,,Jamstands,Keyboards,Keyboard Stands,JS502D,Double Brace X Stand,"Double-braced for heavier keyboards, Five height positions, Easy-to-adjust pull-style knob, 125 lbs. weight capacity",Black,67.99,,29.99,28.99,,,jamstands_js502d_black.png,/Users/lpdmusic/Documents/New project/Photos/Keyboards/jamstands_js502d_black.png
,,,Hosa,Keyboards,Keyboard Stands,KBT-502,KBT-502 Keyboard Stand,"Portable X-Frame, Lightweight (6.5 lbs.), Single-Handed Trigger Height Adjustment, Seven Height Adjustment Settings, 88 lbs. weight capacity",Black,44.95,,24.75,,,,hosa_kbt-502_black.png,/Users/lpdmusic/Documents/New project/Photos/Keyboards/hosa_kbt-502_black.png
,,,Ultimate Support,Keyboards,Keyboard Stands,IQ-2000,IQ Series X Stand,"IQ Series® X-style Keyboard Stand with Patented Memory Lock, Five Height Settings, Stabilizing End Caps, and Extra-strength Tubing.",Black,,84.99,39.40,,,,ultimate-support_iq-2000_black.png,/Users/lpdmusic/Documents/New project/Photos/Keyboards/ultimate-support_iq-2000_black.png
,,,Strukture,Keyboards,Keyboard Stands,SK200KD,Double Braced Stand,,Black,69.95,,25.99,,,,strukture_sk200kd_black.png,/Users/lpdmusic/Documents/New project/Photos/Keyboards/strukture_sk200kd_black.png
,,,Casio,Keyboards,Keyboard Stands,ARST,X-Style Keyboard stand,"Compact, Affordable Keyboard stand. The Casio ARST single x-style stand is a perfect compliment for your Casio keyboard. Easily adjust to six different heights for greater playing comfort.",Black,,39.99,27.49,,,,casio_arst_black.png,/Users/lpdmusic/Documents/New project/Photos/Keyboards/casio_arst_black.png
,,,Ultimate Support,Keyboards,Keyboard Stands,IQ-1000,IQ Series X Stand,"IQ Series® X-style Keyboard Stand with Patented Memory Lock, Five Height Settings, Stabilizing End Caps, and Extra-strength Tubing.",Black,,74.99,33.21,,,,ultimate-support_iq-1000_black.png,/Users/lpdmusic/Documents/New project/Photos/Keyboards/ultimate-support_iq-1000_black.png
,,,Strukture,Keyboards,Keyboard Stands,SK100KD,Single Braced Stand,,Black,49.95,,19.99,,,,strukture_sk100kd_black.png,/Users/lpdmusic/Documents/New project/Photos/Keyboards/strukture_sk100kd_black.png
,,,Casio,Keyboards,Keyboard Stands,CS46,CS46 Stand,A wooden stand designed to support Privia PX-S and CDP-S digital pianos. It provides a stable and secure platform and brings your piano to the perfect playing height.,Black,159.99,,104.99,,,,casio_cs46_black.png,/Users/lpdmusic/Documents/New project/Photos/Keyboards/casio_cs46_black.png
,,,Ultimate Support,Keyboards,Keyboard Stands,JSMPS1,Keyboard/Mixer Stand,"Sturdy, steel design, Height adjustable from 26” to 43”, Width adjustable from 28.75” to 42”",Black,121.99,,52.99,,,,jamstands_jsmps1_black.png,/Users/lpdmusic/Documents/New project/Photos/Keyboards/jamstands_jsmps1_black.png
,,,Ultimate Support,Keyboards,Keyboard Stands,AX48PROPLUS,Keyboard Stand,"Folds into a self-contained, compact unit with a heavy-duty carrying handle.",Black,330.99,,229.99,,,,ultimate-support_ax48proplus_black.png,/Users/lpdmusic/Documents/New project/Photos/Keyboards/ultimate-support_ax48proplus_black.png
,,,Onstage,Keyboards,Keyboard Stands,OSKPK1061,Keyboard Bundle,The stand supports up to 90 pounds and its simple bullet-nose pull knob makes for easy set up. The carrying bag will give your 61-key keyboard protection with its thick 3/4 inch padding and a heavy-duty nylon exterior that is weather resistant.,Black,,199.95,99.95,,,,onstage_oskpk1061_black.png,/Users/lpdmusic/Documents/New project/Photos/Keyboards/onstage_oskpk1061_black.png
,,,Casio,Keyboards,Accessories,SP20,Traditional Sustain Pedal,,Black,64.99,,37.99,,,,casio_sp20_black.png,/Users/lpdmusic/Documents/New project/Photos/Keyboards/casio_sp20_black.png
,,,Casio,Keyboards,Accessories,SP3,Sustain Pedal,,Black,39.99,,17.49,,,,casio_sp3_black.png,/Users/lpdmusic/Documents/New project/Photos/Keyboards/casio_sp3_black.png
,,,Joyo,Keyboards,Accessories,JSP-10,Universal Keyboard Sustain Pedal,,Black,,14.99,7.99,,,,joyo_jsp-10_black.png,/Users/lpdmusic/Documents/New project/Photos/Keyboards/joyo_jsp-10_black.png
,,,Casio,Keyboards,Accessories,ADA12150,Keyboard AC Adapter,"For CTK6200, PX150, PX350, WK6600, and WK7500",Black,54.99,,29.00,,,,casio_ada12150_black.png,/Users/lpdmusic/Documents/New project/Photos/Keyboards/casio_ada12150_black.png
,,,Casio,Keyboards,Accessories,ADE95100LU,AC Adapter,,Black,39.99,,19.99,,,,casio_ade95100lu_black.png,/Users/lpdmusic/Documents/New project/Photos/Keyboards/casio_ade95100lu_black.png