sort_order,page,story_id,brand,top_category,subcategory,product_family_id,sku,product_name,variant,description,colors,list_price,map_price,net_price,net_price_if_buy_4_or_more,net_price_if_buy_6_or_more,net_price_if_buy_10_or_more,net_price_if_buy_12_or_more,net_price_if_buy_20_or_more,source_image_name,source_image_path
,,,Duplex,Percussion,"Snares, Toms, & Practice Pads",,3561,Practice Pad ,,Solid wood with gum rubber pad.,,15.50,,6.98,,,,,,duplex_3561_default.png,/Users/lpdmusic/Documents/New project/Photos/Percussion/duplex_3561_default.png
,,,Donner,Percussion,"Snares, Toms, & Practice Pads",,EC2003,Practice Pad Set,,"Includes durable 12"" double-sided drum practice pad, high-grade snare drum stand, 3 pairs of drumsticks, and a portable backpack.",,74.99,,47.99,,,,,,donner_ec2003_default.png,/Users/lpdmusic/Documents/New project/Photos/Percussion/donner_ec2003_default.png
,,,OnStage,Percussion,"Snares, Toms, & Practice Pads",,OSDFP5500,Pad W/Stand & Bag,,"Perfect for practicing without disturbing the neighbors, our DFP5500 Drum Practice Pad with Stand and Bag emulates a full-size drum.",,34.99,,59.95,,,,,,onstage_osdfp5500_default.png,/Users/lpdmusic/Documents/New project/Photos/Percussion/onstage_osdfp5500_default.png
,,,OnStage,Percussion,"Snares, Toms, & Practice Pads",,SSK2500,Student Snare Kit,,Easy to transport with the rolling bag. Everything a beginner percussionist needs,,340.99,,129.95,,,,,,onstage_ssk2500_default.png,/Users/lpdmusic/Documents/New project/Photos/Percussion/onstage_ssk2500_default.png
,,,TKO,Percussion,"Snares, Toms, & Practice Pads",,TKO12,Tom 10” X 12”,,,"Black, Blue, Green, Red, Silver, White",54.95,,24.95,,,,,,tko_tko12_red.png,/Users/lpdmusic/Documents/New project/Photos/Percussion/tko_tko12_red.png
,,,TKO,Percussion,"Snares, Toms, & Practice Pads",,TKO13,Tom 11” X 13”,,,"Blue, Green, Red, Deep Magenta, Wine Red",64.95,,29.95,,,,,,tko_tko13_blue.png,/Users/lpdmusic/Documents/New project/Photos/Percussion/tko_tko13_blue.png
,,,Remo,Percussion,"Snares, Toms, & Practice Pads",RT01,RT6,Practice Pads,6”,,,40.40,,28.58,,16.94,,,,remo_rt6_default.png,/Users/lpdmusic/Documents/New project/Photos/Percussion/remo_rt6_default.png
,,,Remo,Percussion,"Snares, Toms, & Practice Pads",RT01,RT8,Practice Pads,8”,,,47.70,,21.94,,19.97,,,,remo_rt8_default.png,/Users/lpdmusic/Documents/New project/Photos/Percussion/remo_rt8_default.png
,,,Remo,Percussion,"Snares, Toms, & Practice Pads",RT01,RT10,Practice Pads,10”,,,63.80,,29.35,,26.75,,,,remo_rt10_default.png,/Users/lpdmusic/Documents/New project/Photos/Percussion/remo_rt10_default.png
,,,Evans,Percussion,Drum Heads,BDUV1,BD16UV1,Bass Drum Head,16”,UV1 Coated,,80.00,,28.00,,,,,,evans_bd16uv1_default.png,/Users/lpdmusic/Documents/New project/Photos/Percussion/evans_bd16uv1_default.png
,,,Evans,Percussion,Drum Heads,BDUV1,BD18UV1,Bass Drum Head,18”,UV1 Coated,,82.75,,28.96,,,,,,evans_bd18uv1_default.png,/Users/lpdmusic/Documents/New project/Photos/Percussion/evans_bd18uv1_default.png
,,,Evans,Percussion,Drum Heads,BDEMADUV,BD18EMADUV,Bass Drum Head,18”,UV EMAD Coated,,100.00,,35.00,,,,,,evans_bd18emaduv_default.png,/Users/lpdmusic/Documents/New project/Photos/Percussion/evans_bd18emaduv_default.png
,,,Evans,Percussion,Drum Heads,BDEMADUV,BD20EMADUV,Bass Drum Head,20”,UV EMAD Coated,,107.50,,37.63,,,,,,evans_bd20emaduv_default.png,/Users/lpdmusic/Documents/New project/Photos/Percussion/evans_bd20emaduv_default.png
,,,Evans,Percussion,Drum Heads,,B16GB4UV,Tom Drum Head 16”,,UV EQ4 COATED,,80.00,,28.00,,,,,,evans_bd16gb4uv_default.png,/Users/lpdmusic/Documents/New project/Photos/Percussion/evans_bd16gb4uv_default.png
,,,Remo,Percussion,Drum Heads,,BD011600,Diplomat Coated 16” Batter,,,,48.60,,18.23,,,,,,remo_bd011600_default.png,/Users/lpdmusic/Documents/New project/Photos/Percussion/remo_bd011600_default.png
,,,Remo,Percussion,Drum Heads,,CS011410,Coated Dot Under 14” Batter,,,,48.60,,18.23,,,,,,remo_cs011410_default.png,/Users/lpdmusic/Documents/New project/Photos/Percussion/remo_cs011410_default.png
,,,Remo,Percussion,Drum Heads,,BX011410,Emperor X 14” Batter,,,,55.30,,20.74,,,,,,remo_bx011410_default.png,/Users/lpdmusic/Documents/New project/Photos/Percussion/remo_bx011410_default.png
,,,Remo,Percussion,Drum Heads,,SD011400,Diplomat Clear 14” Snare,,,,39.50,,14.81,,,,,,remo_sd011400_default.png,/Users/lpdmusic/Documents/New project/Photos/Percussion/remo_sd011400_default.png
,,,Remo,Percussion,Drum Heads,CX0,CX011310,Controlled Sound X,13” Batter,,,46.20,,17.33,,,,,,remo_cx011310_default.png,/Users/lpdmusic/Documents/New project/Photos/Percussion/remo_cx011310_default.png
,,,Remo,Percussion,Drum Heads,CX0,CX011410,Controlled Sound X,14” Batter,,,48.60,,18.23,,,,,,remo_cx011410_default.png,/Users/lpdmusic/Documents/New project/Photos/Percussion/remo_cx011410_default.png
,,,Remo,Percussion,Drum Heads,,BJ1100H1,Banjo Coated Top 11” High Collar,,,,46.00,,17.25,,,,,,remo_bj1100h1_default.png,/Users/lpdmusic/Documents/New project/Photos/Percussion/remo_bj1100h1_default.png
,,,Remo,Percussion,Drum Heads,PBP,P30114BP,Powerstroke Coated,14” Batter,,,46.20,,17.33,,,,,,remo_p30114bp_default.png,/Users/lpdmusic/Documents/New project/Photos/Percussion/remo_p30114bp_default.png
,,,Remo,Percussion,Drum Heads,PBP,P31122C2,Powerstroke Coated,22” Bass,,,107.40,,40.28,,,,,,remo_p31122c2_default.png,/Users/lpdmusic/Documents/New project/Photos/Percussion/remo_p31122c2_default.png
,,,Remo,Percussion,Drum Heads,PC2,P31320C2,Powerstroke Clear With Dot,20” Bass,,,96.80,,36.30,,,,,,remo_p31320c2_default.png,/Users/lpdmusic/Documents/New project/Photos/Percussion/remo_p31320c2_default.png
,,,Remo,Percussion,Drum Heads,PC2,P31322C2,Powerstroke Clear With Dot,22” Bass,,,107.40,,40.28,,,,,,remo_p31322c2_default.png,/Users/lpdmusic/Documents/New project/Photos/Percussion/remo_p31322c2_default.png
,,,Remo,Percussion,Drum Heads,,CS132210,Controlled Sound Clear Black Dot 22” Bass,,,,107.40,,40.28,,,,,,remo_cs132210_default.png,/Users/lpdmusic/Documents/New project/Photos/Percussion/remo_cs132210_default.png
,,,Remo,Percussion,Drum Heads,BE00,BE010800,Emperor Coated,8” Batter,,,34.90,,13.09,,,,,,remo_be010800_default.png,/Users/lpdmusic/Documents/New project/Photos/Percussion/remo_be010800_default.png
,,,Remo,Percussion,Drum Heads,BE00,BE011000,Emperor Coated,10” Batter,,,37.00,,13.88,,,,,,remo_be010800_default.png,/Users/lpdmusic/Documents/New project/Photos/Percussion/remo_be010800_default.png
,,,Remo,Percussion,Drum Heads,BE00,BE011200,Emperor Coated,12” Batter,,,39.50,,14.81,,,,,,remo_be010800_default.png,/Users/lpdmusic/Documents/New project/Photos/Percussion/remo_be010800_default.png
,,,Remo,Percussion,Drum Heads,BE00,BE011300,Emperor Coated,13” Batter,,,40.30,,15.11,,,,,,remo_be010800_default.png,/Users/lpdmusic/Documents/New project/Photos/Percussion/remo_be010800_default.png
,,,Remo,Percussion,Drum Heads,BE00,BE011400,Emperor Coated,14” Batter,,,44.20,,16.58,,,,,,remo_be010800_default.png,/Users/lpdmusic/Documents/New project/Photos/Percussion/remo_be010800_default.png
,,,Remo,Percussion,Drum Heads,BE00,BE011500,Emperor Coated,15” Batter,,,46.20,,17.33,,,,,,remo_be010800_default.png,/Users/lpdmusic/Documents/New project/Photos/Percussion/remo_be010800_default.png
,,,Remo,Percussion,Drum Heads,BE00,BE011600,Emperor Coated,16” Batter,,,48.60,,18.23,,,,,,remo_be010800_default.png,/Users/lpdmusic/Documents/New project/Photos/Percussion/remo_be010800_default.png
,,,Remo,Percussion,Drum Heads,BE00,BE011800,Emperor Coated,18” Batter,,,61.00,,22.88,,,,,,remo_be010800_default.png,/Users/lpdmusic/Documents/New project/Photos/Percussion/remo_be010800_default.png
,,,Remo,Percussion,Drum Heads,BA00,BA010800,Ambassador Coated,8” Batter,,,34.90,,13.09,,,,,,remo_ba010800_default.png,/Users/lpdmusic/Documents/New project/Photos/Percussion/remo_ba010800_default.png
,,,Remo,Percussion,Drum Heads,BA00,BA011000,Ambassador Coated,10” Batter,,,37.00,,13.88,,,,,,remo_ba010800_default.png,/Users/lpdmusic/Documents/New project/Photos/Percussion/remo_ba010800_default.png
,,,Remo,Percussion,Drum Heads,BA00,BA011200,Ambassador Coated,12” Batter,,,39.50,,14.81,,,,,,remo_ba010800_default.png,/Users/lpdmusic/Documents/New project/Photos/Percussion/remo_ba010800_default.png
,,,Remo,Percussion,Drum Heads,BA00,BA011300,Ambassador Coated,13” Batter,,,40.30,,15.11,,,,,,remo_ba010800_default.png,/Users/lpdmusic/Documents/New project/Photos/Percussion/remo_ba010800_default.png
,,,Remo,Percussion,Drum Heads,BA00,BA011400,Ambassador Coated,14” Batter,,,44.20,,16.58,,,,,,remo_ba010800_default.png,/Users/lpdmusic/Documents/New project/Photos/Percussion/remo_ba010800_default.png
,,,Remo,Percussion,Drum Heads,BA00,BA011500,Ambassador Coated,15” Batter,,,46.20,,17.33,,,,,,remo_ba010800_default.png,/Users/lpdmusic/Documents/New project/Photos/Percussion/remo_ba010800_default.png
,,,Remo,Percussion,Drum Heads,BA00,BA011600,Ambassador Coated,16” Batter,,,48.60,,18.23,,,,,,remo_ba010800_default.png,/Users/lpdmusic/Documents/New project/Photos/Percussion/remo_ba010800_default.png
,,,Remo,Percussion,Drum Heads,BA00,BA011800,Ambassador Coated,18” Batter,,,61.00,,22.88,,,,,,remo_ba010800_default.png,/Users/lpdmusic/Documents/New project/Photos/Percussion/remo_ba010800_default.png
,,,Remo,Percussion,Drum Heads,BA00,BR111800,Ambassador Coated,18” Bass,,,89.70,,33.64,,,,,,remo_ba010800_default.png,/Users/lpdmusic/Documents/New project/Photos/Percussion/remo_ba010800_default.png
,,,Remo,Percussion,Drum Heads,BA00,BR112000,Ambassador Coated,20” Bass,,,93.10,,34.90,,,,,,remo_ba010800_default.png,/Users/lpdmusic/Documents/New project/Photos/Percussion/remo_ba010800_default.png
,,,Remo,Percussion,Drum Heads,BA00,BR112200,Ambassador Coated,22” Bass,,,99.10,,37.16,,,,,,remo_ba010800_default.png,/Users/lpdmusic/Documents/New project/Photos/Percussion/remo_ba010800_default.png
,,,Remo,Percussion,Drum Heads,ES00,ES001200,Ambassador Ebony,12” Batter,,,47.90,,17.96,,,,,,remo_es001200_default.png,/Users/lpdmusic/Documents/New project/Photos/Percussion/remo_es001200_default.png
,,,Remo,Percussion,Drum Heads,ES00,ES001300,Ambassador Ebony,13” Batter,,,49.50,,18.56,,,,,,remo_es001300_default.png,/Users/lpdmusic/Documents/New project/Photos/Percussion/remo_es001300_default.png
,,,Remo,Percussion,Drum Heads,ES00,ES001400,Ambassador Ebony,14” Batter,,,50.60,,18.98,,,,,,remo_es001400_default.png,/Users/lpdmusic/Documents/New project/Photos/Percussion/remo_es001400_default.png
,,,Remo,Percussion,Drum Heads,ES00,ES001600,Ambassador Ebony,16” Batter,,,57.90,,21.71,,,,,,remo_es001600_default.png,/Users/lpdmusic/Documents/New project/Photos/Percussion/remo_es001600_default.png
,,,Remo,Percussion,Drum Heads,BE03,BE031000,Emperor Clear,10” Batter,,,37.00,,13.88,,,,,,remo_be031000_default.png,/Users/lpdmusic/Documents/New project/Photos/Percussion/remo_be031000_default.png
,,,Remo,Percussion,Drum Heads,BE03,BE031200,Emperor Clear,12” Batter,,,39.50,,14.81,,,,,,remo_be031000_default.png,/Users/lpdmusic/Documents/New project/Photos/Percussion/remo_be031000_default.png
,,,Remo,Percussion,Drum Heads,BE03,BE031300,Emperor Clear,13” Batter,,,40.30,,15.11,,,,,,remo_be031000_default.png,/Users/lpdmusic/Documents/New project/Photos/Percussion/remo_be031000_default.png
,,,Remo,Percussion,Drum Heads,BE03,BE031400,Emperor Clear,14” Batter,,,44.20,,16.58,,,,,,remo_be031000_default.png,/Users/lpdmusic/Documents/New project/Photos/Percussion/remo_be031000_default.png
,,,Remo,Percussion,Drum Heads,BE03,BE031600,Emperor Clear,16” Batter,,,48.60,,18.23,,,,,,remo_be031000_default.png,/Users/lpdmusic/Documents/New project/Photos/Percussion/remo_be031000_default.png
,,,Remo,Percussion,Drum Heads,BE03,BE031800,Emperor Clear,18” Batter,,,61.00,,22.88,,,,,,remo_be031000_default.png,/Users/lpdmusic/Documents/New project/Photos/Percussion/remo_be031000_default.png
,,,Remo,Percussion,Drum Heads,BE03,BB132200,Emperor Clear,22” Bass,,,99.10,,37.16,,,,,,remo_be031000_default.png,/Users/lpdmusic/Documents/New project/Photos/Percussion/remo_be031000_default.png
,,,Remo,Percussion,Drum Heads,BE03,SE011400,Emperor Clear,14” Snare Heavy,,,39.50,,14.81,,,,,,remo_be031000_default.png,/Users/lpdmusic/Documents/New project/Photos/Percussion/remo_be031000_default.png
,,,Remo,Percussion,Drum Heads,BA03,BA030800,Ambassador Clear,8” Batter,,,34.90,,13.09,,,,,,remo_ba030800_default.png,/Users/lpdmusic/Documents/New project/Photos/Percussion/remo_ba030800_default.png
,,,Remo,Percussion,Drum Heads,BA03,BA031000,Ambassador Clear,10” Batter,,,37.00,,13.88,,,,,,remo_ba030800_default.png,/Users/lpdmusic/Documents/New project/Photos/Percussion/remo_ba030800_default.png
,,,Remo,Percussion,Drum Heads,BA03,BA031200,Ambassador Clear,12” Batter,,,39.50,,14.81,,,,,,remo_ba030800_default.png,/Users/lpdmusic/Documents/New project/Photos/Percussion/remo_ba030800_default.png
,,,Remo,Percussion,Drum Heads,BA03,BA031300,Ambassador Clear,13” Batter,,,40.30,,15.11,,,,,,remo_ba030800_default.png,/Users/lpdmusic/Documents/New project/Photos/Percussion/remo_ba030800_default.png
,,,Remo,Percussion,Drum Heads,BA03,BA031400,Ambassador Clear,14” Batter,,,44.20,,16.58,,,,,,remo_ba030800_default.png,/Users/lpdmusic/Documents/New project/Photos/Percussion/remo_ba030800_default.png
,,,Remo,Percussion,Drum Heads,BA03,BA031500,Ambassador Clear,15” Batter,,,46.20,,17.33,,,,,,remo_ba030800_default.png,/Users/lpdmusic/Documents/New project/Photos/Percussion/remo_ba030800_default.png
,,,Remo,Percussion,Drum Heads,BA03,BA031600,Ambassador Clear,16” Batter,,,48.60,,18.23,,,,,,remo_ba030800_default.png,/Users/lpdmusic/Documents/New project/Photos/Percussion/remo_ba030800_default.png
,,,Remo,Percussion,Drum Heads,BA03,BA031800,Ambassador Clear,18” Batter,,,61.00,,22.88,,,,,,remo_ba030800_default.png,/Users/lpdmusic/Documents/New project/Photos/Percussion/remo_ba030800_default.png
,,,Remo,Percussion,Drum Heads,BR13,BR132000,Ambassador Clear,20” Bass,,,93.10,,34.91,,,,,,remo_br132000_default.png,/Users/lpdmusic/Documents/New project/Photos/Percussion/remo_br132000_default.png
,,,Remo,Percussion,Drum Heads,BR13,BR132200,Ambassador Clear,22” Bass,,,99.10,,37.16,,,,,,remo_br132000_default.png,/Users/lpdmusic/Documents/New project/Photos/Percussion/remo_br132000_default.png
,,,Remo,Percussion,Drum Heads,BR13,SA011300,Ambassador Clear,13” Snare Hazy,,,37.40,,14.03,,,,,,remo_br132000_default.png,/Users/lpdmusic/Documents/New project/Photos/Percussion/remo_br132000_default.png
,,,Remo,Percussion,Drum Heads,BR13,SA011400,Ambassador Clear,14” Snare Hazy,,,39.50,,14.81,,,,,,remo_br132000_default.png,/Users/lpdmusic/Documents/New project/Photos/Percussion/remo_br132000_default.png
,,,Remo,Percussion,Drum Heads,BR13,SA0314TD,Ambassador Clear,14” Snare Clear,,,39.50,,14.81,,,,,,remo_br132000_default.png,/Users/lpdmusic/Documents/New project/Photos/Percussion/remo_br132000_default.png
,,,Remo,Percussion,Drum Heads,ES06,ES0610PS,Pinstripe Ebony,10” Batter,,,55.00,,20.63,,,,,,remo_es0610ps_default.png,/Users/lpdmusic/Documents/New project/Photos/Percussion/remo_es0610ps_default.png
,,,Remo,Percussion,Drum Heads,ES06,ES0612PS,Pinstripe Ebony,12” Batter,,,57.90,,21.71,,,,,,remo_es0610ps_default.png,/Users/lpdmusic/Documents/New project/Photos/Percussion/remo_es0610ps_default.png
,,,Remo,Percussion,Drum Heads,ES06,ES0613PS,Pinstripe Ebony,13” Batter,,,59.20,,22.20,,,,,,remo_es0610ps_default.png,/Users/lpdmusic/Documents/New project/Photos/Percussion/remo_es0610ps_default.png
,,,Remo,Percussion,Drum Heads,ES06,ES0614PS,Pinstripe Ebony,14” Batter,,,62.70,,23.51,,,,,,remo_es0610ps_default.png,/Users/lpdmusic/Documents/New project/Photos/Percussion/remo_es0610ps_default.png
,,,Remo,Percussion,Drum Heads,ES06,ES0616PS,Pinstripe Ebony,16” Batter,,,69.30,,25.99,,,,,,remo_es0610ps_default.png,/Users/lpdmusic/Documents/New project/Photos/Percussion/remo_es0610ps_default.png
,,,Remo,Percussion,Drum Heads,CS03,CS031210,Controlled Sound Clear Black Dot,12” Batter,,,44.20,,16.58,,,,,,remo_cs031210_default.png,/Users/lpdmusic/Documents/New project/Photos/Percussion/remo_cs031210_default.png
,,,Remo,Percussion,Drum Heads,CS03,CS031310,Controlled Sound Clear Black Dot,13” Batter,,,46.20,,17.33,,,,,,remo_cs031210_default.png,/Users/lpdmusic/Documents/New project/Photos/Percussion/remo_cs031210_default.png
,,,Remo,Percussion,Drum Heads,CS03,CS031410,Controlled Sound Clear Black Dot,14” Batter,,,48.60,,18.23,,,,,,remo_cs031210_default.png,/Users/lpdmusic/Documents/New project/Photos/Percussion/remo_cs031210_default.png
,,,Remo,Percussion,Drum Heads,CS03,CS031610,Controlled Sound Clear Black Dot,16” Batter,,,55.00,,20.63,,,,,,remo_cs031210_default.png,/Users/lpdmusic/Documents/New project/Photos/Percussion/remo_cs031210_default.png
,,,Remo,Percussion,Drum Heads,PS02,PS011200,Pinstripe Coated,12” Batter,,,45.30,,16.99,,,,,,remo_ps011200_default.png,/Users/lpdmusic/Documents/New project/Photos/Percussion/remo_ps011200_default.png
,,,Remo,Percussion,Drum Heads,PS02,PS011300,Pinstripe Coated,13” Batter,,,46.80,,17.55,,,,,,remo_ps011200_default.png,/Users/lpdmusic/Documents/New project/Photos/Percussion/remo_ps011200_default.png
,,,Remo,Percussion,Drum Heads,PS02,PS011400,Pinstripe Coated,14” Batter,,,48.80,,18.30,,,,,,remo_ps011200_default.png,/Users/lpdmusic/Documents/New project/Photos/Percussion/remo_ps011200_default.png
,,,Remo,Percussion,Drum Heads,PS02,PS011600,Pinstripe Coated,16” Batter,,,55.00,,20.63,,,,,,remo_ps011200_default.png,/Users/lpdmusic/Documents/New project/Photos/Percussion/remo_ps011200_default.png
,,,Remo,Percussion,Drum Heads,PS01,PS030600,Pinstripe Clear,6” Batter,,,37.40,,14.03,,,,,,remo_ps030600_default.png,/Users/lpdmusic/Documents/New project/Photos/Percussion/remo_ps030600_default.png
,,,Remo,Percussion,Drum Heads,PS01,PS030800,Pinstripe Clear,8” Batter,,,38.00,,14.25,,,,,,remo_ps011200_default.png,/Users/lpdmusic/Documents/New project/Photos/Percussion/remo_ps011200_default.png
,,,Remo,Percussion,Drum Heads,PS01,PS031000,Pinstripe Clear,10” Batter,,,39.70,,14.89,,,,,,remo_ps011200_default.png,/Users/lpdmusic/Documents/New project/Photos/Percussion/remo_ps011200_default.png
,,,Remo,Percussion,Drum Heads,PS01,PS031200,Pinstripe Clear,12” Batter,,,44.90,,16.84,,,,,,remo_ps011200_default.png,/Users/lpdmusic/Documents/New project/Photos/Percussion/remo_ps011200_default.png
,,,Remo,Percussion,Drum Heads,PS01,PS031300,Pinstripe Clear,13” Batter,,,46.00,,17.25,,,,,,remo_ps011200_default.png,/Users/lpdmusic/Documents/New project/Photos/Percussion/remo_ps011200_default.png
,,,Remo,Percussion,Drum Heads,PS01,PS031400,Pinstripe Clear,14” Batter,,,48.10,,18.04,,,,,,remo_ps011200_default.png,/Users/lpdmusic/Documents/New project/Photos/Percussion/remo_ps011200_default.png
,,,Remo,Percussion,Drum Heads,PS01,PS031500,Pinstripe Clear,15” Batter,,,50.30,,18.86,,,,,,remo_ps011200_default.png,/Users/lpdmusic/Documents/New project/Photos/Percussion/remo_ps011200_default.png
,,,Remo,Percussion,Drum Heads,PS01,PS031600,Pinstripe Clear,16” Batter,,,53.20,,19.95,,,,,,remo_ps011200_default.png,/Users/lpdmusic/Documents/New project/Photos/Percussion/remo_ps011200_default.png
,,,Remo,Percussion,Drum Heads,PS01,PS031800,Pinstripe Clear,18” Batter,,,66.30,,24.86,,,,,,remo_ps011200_default.png,/Users/lpdmusic/Documents/New project/Photos/Percussion/remo_ps011200_default.png
,,,Remo,Percussion,Drum Heads,PS01,PS132200,Pinstripe Clear,22” Bass,,,109.50,,41.06,,,,,,remo_ps011200_default.png,/Users/lpdmusic/Documents/New project/Photos/Percussion/remo_ps011200_default.png
,,,Remo,Percussion,Drum Heads,PS01,PS132400,Pinstripe Clear,24” Bass,,,116.10,,43.54,,,,,,remo_ps011200_default.png,/Users/lpdmusic/Documents/New project/Photos/Percussion/remo_ps011200_default.png
,,,Remo,Percussion,Drum Heads,P3,P30314BP,Powerstroke Clear,14” Batter,,,46.20,,17.33,,,,,,remo_p30314bp_default.png,/Users/lpdmusic/Documents/New project/Photos/Percussion/remo_p30314bp_default.png
,,,Remo,Percussion,Drum Heads,P3,P31324C2,Powerstroke Clear,24” Bass,,,114.60,,42.98,,,,,,remo_p31324c2_default.png,/Users/lpdmusic/Documents/New project/Photos/Percussion/remo_p31324c2_default.png
,,,TKO,Percussion,Drum Heads,,DHE12,Single Ply Head Black 12”,,,Black,9.65,,3.22,,,,2.90,,tko_dhe12_default.png,/Users/lpdmusic/Documents/New project/Photos/Percussion/tko_dhe12_default.png
,,,Remo,Percussion,Drum Heads,,PP0112BA,Ambassador Pro Pack,,"12”, 13”, & 16” Coated drumheads & 14” Coated snare head",,107.40,,40.28,,,,,,remo_pp0112ba_default.png,/Users/lpdmusic/Documents/New project/Photos/Percussion/remo_pp0112ba_default.png
,,,TKO,Percussion,Drum Heads,,DHC16,Single Ply Head Clear 16”,,,,14.40,,4.80,,,,4.32,,tko_dhc16_default.png,/Users/lpdmusic/Documents/New project/Photos/Percussion/tko_dhc16_default.png
,,,Remo,Percussion,Drum Heads,,PP0312PS,Pinstripe Pro Pack,,"12”, 13”, & 16” Pinstripe drumheads & 14” Coated Powerstroke P3",,161.80,,60.68,,,,,,remo_pp0312ps_default.png,/Users/lpdmusic/Documents/New project/Photos/Percussion/remo_pp0312ps_default.png
,,,Remo,Percussion,Drum Heads,,PP0920PS,Clear Pinstripe Tom Pack,,"10”, 12”, & 14” Clear Pinstripe drumheads",,113.00,,42.38,,,,,,remo_pp0920ps_default.png,/Users/lpdmusic/Documents/New project/Photos/Percussion/remo_pp0920ps_default.png
,,,Remo,Percussion,Drum Heads,,PP0312BE,Emperor Pro Pack,,"12”, 13”, & 16” Clear drumheads & 14” Coated drumhead",,146.70,,55.01,,,,,,remo_pp0312be_default.png,/Users/lpdmusic/Documents/New project/Photos/Percussion/remo_pp0312be_default.png
,,,Remo,Percussion,Drum Heads,,PP0270PS,Pinstripe Rock Pro Pack,,"12”, 13”, & 16” Clear Pinstripe drumheads, 14” Coated AmBassador & 22” Clear Powerstroke 3",,251.30,,94.24,,,,,,remo_pp0270ps_default.png,/Users/lpdmusic/Documents/New project/Photos/Percussion/remo_pp0270ps_default.png
,,,Remo,Percussion,Pads & Templates,,DMBH0310,Biohazard Dynamo-Ring,,3” Port Hole,Black,23.70,,9.48,,,,,,remo_dmbh0310_default.png,/Users/lpdmusic/Documents/New project/Photos/Percussion/remo_dmbh0310_default.png
,,,Remo,Percussion,Pads & Templates,,DMFL0510,Flame Dynamo Ring,,5” Port Hole,Black,23.70,,9.48,,,,,,remo_dmfl0510_default.png,/Users/lpdmusic/Documents/New project/Photos/Percussion/remo_dmfl0510_default.png
,,,Remo,Percussion,Pads & Templates,,DMPC0610,Peace Sign Dynamo,,6” Port Hole,Black,23.70,,9.48,,,,,,remo_dmpc0610_default.png,/Users/lpdmusic/Documents/New project/Photos/Percussion/remo_dmpc0610_default.png
,,,Remo,Percussion,Pads & Templates,,DMSW05,Saw Blade Dynamo-Ring,,5” Port Hole,Black,23.70,,9.48,,,,,,remo_dmsw05_default.png,/Users/lpdmusic/Documents/New project/Photos/Percussion/remo_dmsw05_default.png
,,,Remo,Percussion,Pads & Templates,,KS0004PH,Falam Slam 4” Single,,,,21.70,,9.77,,8.28,,,,remo_ks0004ph_default.png,/Users/lpdmusic/Documents/New project/Photos/Percussion/remo_ks0004ph_default.png
,,,Remo,Percussion,Pads & Templates,,KS0006PH,Falam Slam 4” Double,,,,21.70,,9.77,,8.28,,,,remo_ks0006ph_default.png,/Users/lpdmusic/Documents/New project/Photos/Percussion/remo_ks0006ph_default.png
,,,Remo,Percussion,Drum Head Accessories,MF1,MF1008,Control Ring,8”,,,14.90,,6.33,,,,,,remo_mf1008_default.png,/Users/lpdmusic/Documents/New project/Photos/Percussion/remo_mf1008_default.png
,,,Remo,Percussion,Drum Head Accessories,MF1,MF1010,Control Ring,10”,,,16.60,,7.06,,,,,,remo_mf1008_default.png,/Users/lpdmusic/Documents/New project/Photos/Percussion/remo_mf1008_default.png
,,,Remo,Percussion,Drum Head Accessories,MF1,MF1012,Control Ring,12”,,,19.70,,8.37,,,,,,remo_mf1008_default.png,/Users/lpdmusic/Documents/New project/Photos/Percussion/remo_mf1008_default.png
,,,Remo,Percussion,Drum Head Accessories,MF1,MF1013,Control Ring,13”,,,23.60,,10.03,,,,,,remo_mf1008_default.png,/Users/lpdmusic/Documents/New project/Photos/Percussion/remo_mf1008_default.png
,,,Remo,Percussion,Drum Head Accessories,MF1,MF1014,Control Ring,14”,,,24.50,,10.41,,,,,,remo_mf1008_default.png,/Users/lpdmusic/Documents/New project/Photos/Percussion/remo_mf1008_default.png
,,,Remo,Percussion,Drum Head Accessories,MF1,MF1016,Control Ring,16”,,,26.60,,11.31,,,,,,remo_mf1008_default.png,/Users/lpdmusic/Documents/New project/Photos/Percussion/remo_mf1008_default.png
,,,Remo,Percussion,Drum Head Accessories,MF1,MF1018,Control Ring,18”,,,32.40,,13.77,,,,,,remo_mf1008_default.png,/Users/lpdmusic/Documents/New project/Photos/Percussion/remo_mf1008_default.png
,,,Remo,Percussion,Drum Head Accessories,MF1,MF1120,Control Ring,20”,,,42.30,,17.98,,,,,,remo_mf1008_default.png,/Users/lpdmusic/Documents/New project/Photos/Percussion/remo_mf1008_default.png
,,,Remo,Percussion,Drum Head Accessories,MF1,MF1122,Control Ring,22”,,,45.50,,19.34,,,,,,remo_mf1008_default.png,/Users/lpdmusic/Documents/New project/Photos/Percussion/remo_mf1008_default.png
,,,Remo,Percussion,Drum Head Accessories,RO0,RO0014,Sound Dampening Ring,14” x 1” & 14” x 1.5”,,,15.50,,6.98,,,,,,remo_ro0014_default.png,/Users/lpdmusic/Documents/New project/Photos/Percussion/remo_ro0014_default.png
,,,Remo,Percussion,Drum Head Accessories,RO0,RO0236,Sound Dampening Ring,"10”, 12”, 13”, & 16”",,,23.60,,10.62,,,,,,remo_ro0014_default.png,/Users/lpdmusic/Documents/New project/Photos/Percussion/remo_ro0014_default.png
,,,Remo,Percussion,Drum Head Accessories,RO0,RO234600,Sound Dampening Ring,"12”, 13”, 14”, & 16”",,,23.60,,10.62,,,,,,remo_ro0014_default.png,/Users/lpdmusic/Documents/New project/Photos/Percussion/remo_ro0014_default.png
,,,Wambooka,Percussion,Drum Head Accessories,,WPP4,Performer Pads,,,,11.99,,4.99,,,,,4.49,wambooka_wpp4_default.png,/Users/lpdmusic/Documents/New project/Photos/Percussion/wambooka_wpp4_default.png
,,,MoonGel,Percussion,Drum Head Accessories,,MG4,Damper Pads,,,,10.99,,5.49,,,5.19,,,moongel_mg4_default.png,/Users/lpdmusic/Documents/New project/Photos/Percussion/moongel_mg4_default.png
,,,Sabian,Percussion,Cymbals & Cymbal Care,SBR1,SBR1005,SBR Individual Cymbals,10” Splash,,,64.50,,27.41,,,,,,sabian_sbr1005_default.png,/Users/lpdmusic/Documents/New project/Photos/Percussion/sabian_sbr1005_default.png
,,,Sabian,Percussion,Cymbals & Cymbal Care,SBR1,SBR1606,SBR Individual Cymbals,16” Crash,,,137.50,,58.44,,,,,,sabian_sbr1606_default.png,/Users/lpdmusic/Documents/New project/Photos/Percussion/sabian_sbr1606_default.png
,,,Sabian,Percussion,Cymbals & Cymbal Care,SBR1,SBR1811,SBR Individual Cymbals,18” Crash Ride,,,161.50,,68.64,,,,,,sabian_sbr1811_default.png,/Users/lpdmusic/Documents/New project/Photos/Percussion/sabian_sbr1811_default.png
,,,Sabian,Percussion,Cymbals & Cymbal Care,SBR1,SBR2012,SBR Individual Cymbals,20” Ride,,,189.00,,79.99,,,,,,sabian_sbr2012_default.png,/Users/lpdmusic/Documents/New project/Photos/Percussion/sabian_sbr2012_default.png
,,,Sabian,Percussion,Cymbals & Cymbal Care,SBR1,SBR1402,SBR Individual Cymbals,14” Hats,,,184.00,,78.20,,,,,,sabian_sbr1402_default.png,/Users/lpdmusic/Documents/New project/Photos/Percussion/sabian_sbr1402_default.png
,,,Sabian,Percussion,Cymbals & Cymbal Care,SBR2,SBR5001PK,SBR Performance Packs,"13” Hats, 16” Crash",,,292.00,,124.10,,,,,,sabian_sbr5001pk_default.png,/Users/lpdmusic/Documents/New project/Photos/Percussion/sabian_sbr5001pk_default.png
,,,Sabian,Percussion,Cymbals & Cymbal Care,SBR2,SBR5002PK,SBR Performance Packs,"14” Hats, 18” Crash Ride",,,341.00,,144.93,,,,,,sabian_sbr5001pk_default.png,/Users/lpdmusic/Documents/New project/Photos/Percussion/sabian_sbr5001pk_default.png
,,,Sabian,Percussion,Cymbals & Cymbal Care,SBR2,SBR5003PER,SBR Performance Packs,"14” Hats, 16” Crash, 20” Ride",,,503.00,,209.99,,,,,,sabian_sbr5001pk_default.png,/Users/lpdmusic/Documents/New project/Photos/Percussion/sabian_sbr5001pk_default.png
,,,Sabian,Percussion,Cymbals & Cymbal Care,SBR2,SBR5003G,SBR Performance Packs,"14” Hats, 16” Crash, 20” Ride",,,503.00,,209.99,,,,,,sabian_sbr5001pk_default.png,/Users/lpdmusic/Documents/New project/Photos/Percussion/sabian_sbr5001pk_default.png
,,,Zildjian,Percussion,Cymbals & Cymbal Care,,P0773,Thin Finger Cymbals,,,,49.50,,26.98,,,,,,zildjian_p0773_default.png,/Users/lpdmusic/Documents/New project/Photos/Percussion/zildjian_p0773_default.png
,,,Zildjian,Percussion,Cymbals & Cymbal Care,,P1300,Cymbal Polish 8 Oz,,,,20.00,,9.98,,,,,,zildjian_p1300_default.png,/Users/lpdmusic/Documents/New project/Photos/Percussion/zildjian_p1300_default.png
,,,Sabian,Percussion,Cymbals & Cymbal Care,,SSSC,Cymbal Cleaner,,,,19.00,,10.26,,,,,,sabian_sssc_default.png,/Users/lpdmusic/Documents/New project/Photos/Percussion/sabian_sssc_default.png
,,,Sabian,Percussion,Cymbals & Cymbal Care,,61035,"20"" Basic Cymbal Bag",,,Black,,49.99,34.83,,,,,,sabian_61035_default.png,/Users/lpdmusic/Documents/New project/Photos/Percussion/sabian_61035_default.png
,,,Zildjian,Percussion,Cymbals & Cymbal Care,,6ZCB22GIG,22” Prem Cymbal Bag,,,Black,135.00,,67.95,,,,,,zildjian_6zcb22gig_default.png,/Users/lpdmusic/Documents/New project/Photos/Percussion/zildjian_6zcb22gig_default.png
,,,TKO,Percussion,Drum Parts,RIM1,RIM12/4,Tom Drum Hoops,"12”, 4 Hole",,,6.95,,2.75,,,,,,tko_rim12:4_default.png,/Users/lpdmusic/Documents/New project/Photos/Percussion/tko_rim12:4_default.png
,,,TKO,Percussion,Drum Parts,RIM1,RIM13/5,Tom Drum Hoops,"13”, 5 Hole",,,8.40,,3.60,,,,,,tko_rim12:4_default.png,/Users/lpdmusic/Documents/New project/Photos/Percussion/tko_rim12:4_default.png
,,,TKO,Percussion,Drum Parts,RIM1,RIM13/4,Tom Drum Hoops,"13”, 4 Hole",,,7.95,,2.95,,,,,,tko_rim12:4_default.png,/Users/lpdmusic/Documents/New project/Photos/Percussion/tko_rim12:4_default.png
,,,TKO,Percussion,Drum Parts,RIM1,RIM16,Tom Drum Hoops,"16”, 6 Hole",,,11.15,,4.75,,,,,,tko_rim12:4_default.png,/Users/lpdmusic/Documents/New project/Photos/Percussion/tko_rim12:4_default.png
,,,TKO,Percussion,Drum Parts,RIM1,RIM20,Bass Drum Hoops,20” Bass Drum Hoop,,,19.75,,8.50,,,,,,tko_rim12:4_default.png,/Users/lpdmusic/Documents/New project/Photos/Percussion/tko_rim12:4_default.png
,,,TKO,Percussion,Drum Parts,,TTAHJR,Tom Holders & Brackets,,Tom Arm 3/4”– 1 Pair- 9” Long,,25.00,,9.95,,,,,,,
,,,TKO,Percussion,Drum Parts,,TR15,Tension Rods,,1 1/2” End-to-End - 1 Dozen,,9.95,,4.25,,,,,,,
,,,TKO,Percussion,Drum Parts,,BDS4,Bass Drum Spurs,,Spurs- 2/Bag,,12.75,,5.50,,,,,,,
,,,TKO,Percussion,Drum Parts,,BDSM4,Bass Drum Spurs,,Spur Mount Brackets- 2/Bag,,9.95,,4.25,,,,,,,
,,,TKO,Percussion,Drum Parts,,609,Double Spring Pedal,,,,38.50,,17.50,,,,,,tko_609_default.png,/Users/lpdmusic/Documents/New project/Photos/Percussion/tko_609_default.png
,,,Cardinal,Percussion,Drum Parts,,CP1220DHS,Dbl-Braced Hi-Hat Stnd,,,,99.50,,47.50,,,,,,cardinal_cp1220dhs_default.png,/Users/lpdmusic/Documents/New project/Photos/Percussion/cardinal_cp1220dhs_default.png
,,,Cardinal,Percussion,Drum Parts,,CPBS19K,Dbl-Braced Cymbal Stnd,,,,107.00,,49.95,,,,,,cardinal_cpbs19k_default.png,/Users/lpdmusic/Documents/New project/Photos/Percussion/cardinal_cpbs19k_default.png
,,,Cardinal,Percussion,Drum Parts,,CP1220DSS,Dbl-Braced Snare Stnd,,,,68.00,,32.95,,,,,,cardinal_cp1220dss_default.png,/Users/lpdmusic/Documents/New project/Photos/Percussion/cardinal_cp1220dss_default.png
,,,H&A,Percussion,Drum Parts,,G-N4C,Double Braced Throne,,,Black,44.99,,24.49,,,,,,h&a_g-n4c_default.png,/Users/lpdmusic/Documents/New project/Photos/Percussion/h&a_g-n4c_default.png
,,,OnStage,Percussion,Drum Parts,,OSMDT2,Double-Braced Throne,,,Black,68.95,,45.95,,,,,,onstage_osmdt2_default.png,/Users/lpdmusic/Documents/New project/Photos/Percussion/onstage_osmdt2_default.png
,,,Zildjian,Percussion,Drum Parts,ZXG,zxgl0012,Touchscreen Drummers Gloves,Medium,,Black,36.00,,21.60,,,,,,zildjian_zxgl0012_default.png,/Users/lpdmusic/Documents/New project/Photos/Percussion/zildjian_zxgl0012_default.png
,,,Zildjian,Percussion,Drum Parts,ZXG,zxgl0013,Touchscreen Drummers Gloves,Large,,Black,36.00,,21.60,,,,,,zildjian_zxgl0012_default.png,/Users/lpdmusic/Documents/New project/Photos/Percussion/zildjian_zxgl0012_default.png
,,,Zildjian,Percussion,Drum Parts,ZXG,zxgl0014,Touchscreen Drummers Gloves,Extra Large,,Black,36.00,,21.60,,,,,,zildjian_zxgl0012_default.png,/Users/lpdmusic/Documents/New project/Photos/Percussion/zildjian_zxgl0012_default.png
,,,Grover,Percussion,Drum Parts,,3370,Snappy Snare Strings,,,,1.50,,0.79,,,,,,grover_3370_default.png,/Users/lpdmusic/Documents/New project/Photos/Percussion/grover_3370_default.png
,,,EPM,Percussion,Drum Parts,,DT100,Drum Trigger,,,,29.95,,14.98,,,,,,epm_dt100_default.png,/Users/lpdmusic/Documents/New project/Photos/Percussion/epm_dt100_default.png
,,,Zildjian,Percussion,Drum Parts,,P0751,Leather Pads–Pair,,Providing support for your hands when playing and holding crash cymbals,Black,30.00,,14.99,,,,,,zildjian_p0751_default.png,/Users/lpdmusic/Documents/New project/Photos/Percussion/zildjian_p0751_default.png
,,,String Swing,Percussion,Drum Parts,,SH03,Stick Holder,,,Black,17.99,,8.55,,,,,,string-swing_sh03_default.png,/Users/lpdmusic/Documents/New project/Photos/Percussion/string-swing_sh03_default.png
,,,Remo,Percussion,Drum Parts,,HK904500,Quick Loc- Hi Hat Clutch,,,,57.40,,25.83,,,,,,remo_hk904500_default.png,/Users/lpdmusic/Documents/New project/Photos/Percussion/remo_hk904500_default.png
,,,Grover,Percussion,Drum Parts,,3826,Duplex Hi Hat Clutch,,,,12.95,,6.09,,,,,,grover_3826_default.png,/Users/lpdmusic/Documents/New project/Photos/Percussion/grover_3826_default.png
,,,Zildjian,Percussion,Drum Parts,,ZSK,Drummer's Survival Kit,,"The Drummer’s Survival Kit contains all the emergency items that drummers need at the gig. There are 6 cymbal felts, 3 cymbal sleeves, 2 HiHat clutch felts, 1 HiHat cup felt, 3 8mm wing nuts, 8 tension rods (4 Floor Tom and 4 Snare Drum), 12 nylon washers, drum key and 2 snare wire cords.",,25.00,,15.95,,,,,,zildjian_zsk_default.png,/Users/lpdmusic/Documents/New project/Photos/Percussion/zildjian_zsk_default.png
,,,Zildjian,Percussion,Drum Parts,,ZFSPK,Cymbal Felts 10 Pack,,,,16.00,,9.60,,,,,,zildjian_zfspk_default.png,/Users/lpdmusic/Documents/New project/Photos/Percussion/zildjian_zfspk_default.png
,,,TKO,Percussion,Drum Parts,,TKO DDK,TurboTune Drum Key,,,,9.99,,4.25,,,,,,tko_tko-ddk_default.png,/Users/lpdmusic/Documents/New project/Photos/Percussion/tko_tko-ddk_default.png
,,,Remo,Percussion,Drum Parts,,HK246000,Quicktech Magnet Drum Key,,,,19.30,,9.17,,,,,,remo_hk246000_default.png,/Users/lpdmusic/Documents/New project/Photos/Percussion/remo_hk246000_default.png
,,,EPM,Percussion,Drum Parts,,DDK,Drum Key,,,,1.25,,0.75,,,,,,epm_ddk_default.png,/Users/lpdmusic/Documents/New project/Photos/Percussion/epm_ddk_default.png
,,,Vic Firth,Percussion,Drum Sticks,VF1,VF2BN,Nylon Tip,2B,,,18.99,,10.25,,,,,,vic-firth_vf2bn_default.png,/Users/lpdmusic/Documents/New project/Photos/Percussion/vic-firth_vf2bn_default.png
,,,Vic Firth,Percussion,Drum Sticks,VF1,VF5AN,Nylon Tip,5A,,,18.99,,10.25,,,,,,vic-firth_vf2bn_default.png,/Users/lpdmusic/Documents/New project/Photos/Percussion/vic-firth_vf2bn_default.png
,,,Vic Firth,Percussion,Drum Sticks,VF1,VF5BN,Nylon Tip,5B,,,18.99,,10.25,,,,,,vic-firth_vf2bn_default.png,/Users/lpdmusic/Documents/New project/Photos/Percussion/vic-firth_vf2bn_default.png
,,,Vic Firth,Percussion,Drum Sticks,VF1,VF7AN,Nylon Tip,7A,,,18.99,,10.25,,,,,,vic-firth_vf2bn_default.png,/Users/lpdmusic/Documents/New project/Photos/Percussion/vic-firth_vf2bn_default.png
,,,Vic Firth,Percussion,Drum Sticks,VF1,VFX5BN,Nylon Tip,X5B,,,18.99,,10.25,,,,,,vic-firth_vf2bn_default.png,/Users/lpdmusic/Documents/New project/Photos/Percussion/vic-firth_vf2bn_default.png
,,,Vic Firth,Percussion,Drum Sticks,VF2,VF2B,Wood Tip,2B,,,18.99,,9.71,,,,,,vic-firth_vf2b_default.png,/Users/lpdmusic/Documents/New project/Photos/Percussion/vic-firth_vf2b_default.png
,,,Vic Firth,Percussion,Drum Sticks,VF2,VF5A,Wood Tip,5A,,,18.99,,9.71,,,,,,vic-firth_vf2b_default.png,/Users/lpdmusic/Documents/New project/Photos/Percussion/vic-firth_vf2b_default.png
,,,Vic Firth,Percussion,Drum Sticks,VF2,VF5B,Wood Tip,5B,,,18.99,,9.71,,,,,,vic-firth_vf2b_default.png,/Users/lpdmusic/Documents/New project/Photos/Percussion/vic-firth_vf2b_default.png
,,,Vic Firth,Percussion,Drum Sticks,VF2,VF7A,Wood Tip,7A,,,18.99,,9.71,,,,,,vic-firth_vf2b_default.png,/Users/lpdmusic/Documents/New project/Photos/Percussion/vic-firth_vf2b_default.png
,,,Vic Firth,Percussion,Drum Sticks,VF2,VFX5AW,Wood Tip,X5A,,,18.99,,9.71,,,,,,vic-firth_vf2b_default.png,/Users/lpdmusic/Documents/New project/Photos/Percussion/vic-firth_vf2b_default.png
,,,Vic Firth,Percussion,Drum Sticks,VF2,VFX5BW,Wood Tip,X5B,,,18.99,,9.71,,,,,,vic-firth_vf2b_default.png,/Users/lpdmusic/Documents/New project/Photos/Percussion/vic-firth_vf2b_default.png
,,,Vic Firth,Percussion,Drum Sticks,VF2,VFROCK,Wood Tip,Rock Sticks,,,18.99,,9.71,,,,,,vic-firth_vf2b_default.png,/Users/lpdmusic/Documents/New project/Photos/Percussion/vic-firth_vf2b_default.png
,,,Vic Firth,Percussion,Drum Sticks,VF3,VFSRH,Ralph Hardimon,Wood Tip,,,,12.49,10.79,,,,,,,
,,,Vic Firth,Percussion,Drum Sticks,VF3,VFSRHn,Ralph Hardimon,Nylon Tip,,,,12.99,11.39,,,,,,,
,,,Vic Firth,Percussion,Drum Sticks,,VFSDW,Dave Weckl,,,,17.99,,9.71,,,,,,,
,,,Vic Firth,Percussion,Drum Sticks,VF4,VFN2B,Nova Wood Tip,2B,,,8.99,,4.26,,,,,,vic-firth_vf2b_default.png,/Users/lpdmusic/Documents/New project/Photos/Percussion/vic-firth_vf2b_default.png
,,,Vic Firth,Percussion,Drum Sticks,VF4,VFN5A,Nova Wood Tip,5A,,,8.99,,4.26,,,,,,vic-firth_vf2b_default.png,/Users/lpdmusic/Documents/New project/Photos/Percussion/vic-firth_vf2b_default.png
,,,Vic Firth,Percussion,Drum Sticks,VF4,VFN5B,Nova Wood Tip,5B,,,8.99,,4.26,,,,,,vic-firth_vf2b_default.png,/Users/lpdmusic/Documents/New project/Photos/Percussion/vic-firth_vf2b_default.png
,,,Vic Firth,Percussion,Drum Sticks,VF4,VFN7A,Nova Wood Tip,7A,,,8.99,,4.26,,,,,,vic-firth_vf2b_default.png,/Users/lpdmusic/Documents/New project/Photos/Percussion/vic-firth_vf2b_default.png
,,,Vic Firth,Percussion,Drum Sticks,VF4,VFNROCK,Nova Wood Tip,Rock Sticks,,,8.99,,4.26,,,,,,vic-firth_vf2b_default.png,/Users/lpdmusic/Documents/New project/Photos/Percussion/vic-firth_vf2b_default.png
,,,Vic Firth,Percussion,Drum Sticks,VF5,VFN2BN,Nova Nylon Tip,2B,,,9.99,,5.29,,,,,,vic-firth_vf2bn_default.png,/Users/lpdmusic/Documents/New project/Photos/Percussion/vic-firth_vf2bn_default.png
,,,Vic Firth,Percussion,Drum Sticks,VF5,VFN5AN,Nova Nylon Tip,5A,,,9.99,,5.29,,,,,,vic-firth_vf2bn_default.png,/Users/lpdmusic/Documents/New project/Photos/Percussion/vic-firth_vf2bn_default.png
,,,Vic Firth,Percussion,Drum Sticks,VF5,VFN5BN,Nova Nylon Tip,5B,,,9.99,,5.29,,,,,,vic-firth_vf2bn_default.png,/Users/lpdmusic/Documents/New project/Photos/Percussion/vic-firth_vf2bn_default.png
,,,Vic Firth,Percussion,Drum Sticks,VF5,VFN7AN,Nova Nylon Tip,7A,,,9.99,,5.29,,,,,,vic-firth_vf2bn_default.png,/Users/lpdmusic/Documents/New project/Photos/Percussion/vic-firth_vf2bn_default.png
,,,Vic Firth,Percussion,Drum Sticks,VF5,VFNROCKN,Nova Nylon Tip,Rock Sticks,,,9.99,,5.29,,,,,,vic-firth_vf2bn_default.png,/Users/lpdmusic/Documents/New project/Photos/Percussion/vic-firth_vf2bn_default.png
,,,Vic Firth,Percussion,Drum Sticks,,VFSSG,Steve Gadd,,,,17.99,,9.99,,,,,,vic-firth_vfssg_default.png,/Users/lpdmusic/Documents/New project/Photos/Percussion/vic-firth_vfssg_default.png
,,,Vic Firth,Percussion,Drum Sticks,,SD1,American Custom,,,,17.99,,8.69,,,,,,vic-firth_sd1_default.png,/Users/lpdmusic/Documents/New project/Photos/Percussion/vic-firth_sd1_default.png
,,,Vic Firth,Percussion,Drum Sticks,,D1JR,American Custom,,,,15.99,,9.11,,,,,,vic-firth_d1jr_default.png,/Users/lpdmusic/Documents/New project/Photos/Percussion/vic-firth_d1jr_default.png
,,,Vic Firth,Percussion,Drum Sticks,,KIDSTICKS,Kids Wood Tip,,,,9.99,,5.39,,,,,,vic-firth_kidsticks_default.png,/Users/lpdmusic/Documents/New project/Photos/Percussion/vic-firth_kidsticks_default.png
,,,OnStage,Percussion,Drum Sticks,OS1,OS-MW2B,American Made Maple Wood Tip,2B,,,4.99,,1.49,,,,,,onstage_osmw2b_default.png,/Users/lpdmusic/Documents/New project/Photos/Percussion/onstage_osmw2b_default.png
,,,OnStage,Percussion,Drum Sticks,OS1,OS-MW5A,American Made Maple Wood Tip,5A,,,4.99,,1.49,,,,,,onstage_osmw2b_default.png,/Users/lpdmusic/Documents/New project/Photos/Percussion/onstage_osmw2b_default.png
,,,OnStage,Percussion,Drum Sticks,OS1,OS-MW5B,American Made Maple Wood Tip,5B,,,4.99,,1.49,,,,,,onstage_osmw2b_default.png,/Users/lpdmusic/Documents/New project/Photos/Percussion/onstage_osmw2b_default.png
,,,OnStage,Percussion,Drum Sticks,OS1,OS-MW7A,American Made Maple Wood Tip,7A,,,4.99,,1.49,,,,,,onstage_osmw2b_default.png,/Users/lpdmusic/Documents/New project/Photos/Percussion/onstage_osmw2b_default.png
,,,OnStage,Percussion,Drum Sticks,OS2,OS-HN2BN,American Made Hickory Nylon Tip,2B,,,7.99,,2.69,,,,,,onstage_oshn2bn_default.png,/Users/lpdmusic/Documents/New project/Photos/Percussion/onstage_oshn2bn_default.png
,,,OnStage,Percussion,Drum Sticks,OS2,OS-HN5AN,American Made Hickory Nylon Tip,5A,,,7.99,,2.69,,,,,,onstage_oshn2bn_default.png,/Users/lpdmusic/Documents/New project/Photos/Percussion/onstage_oshn2bn_default.png
,,,OnStage,Percussion,Drum Sticks,OS2,OS-HN5BN,American Made Hickory Nylon Tip,5B,,,7.99,,2.69,,,,,,onstage_oshn2bn_default.png,/Users/lpdmusic/Documents/New project/Photos/Percussion/onstage_oshn2bn_default.png
,,,OnStage,Percussion,Drum Sticks,OS2,OS-HN7AN,American Made Hickory Nylon Tip,7A,,,7.99,,2.69,,,,,,onstage_oshn2bn_default.png,/Users/lpdmusic/Documents/New project/Photos/Percussion/onstage_oshn2bn_default.png
,,,OnStage,Percussion,Drum Sticks,OS3,OS-HW2B,America Made Hickory Wood Tip,2B,,,7.99,,2.69,,,,,,onstage_oshw5b_default.png,/Users/lpdmusic/Documents/New project/Photos/Percussion/onstage_oshw5b_default.png
,,,OnStage,Percussion,Drum Sticks,OS3,OS-HW5A,America Made Hickory Wood Tip,5A,,,7.99,,2.69,,,,,,onstage_oshw5b_default.png,/Users/lpdmusic/Documents/New project/Photos/Percussion/onstage_oshw5b_default.png
,,,OnStage,Percussion,Drum Sticks,OS3,OS-HW5B,America Made Hickory Wood Tip,5B,,,7.99,,2.69,,,,,,onstage_oshw5b_default.png,/Users/lpdmusic/Documents/New project/Photos/Percussion/onstage_oshw5b_default.png
,,,OnStage,Percussion,Drum Sticks,OS3,OS-HW7A,America Made Hickory Wood Tip,7A,,,7.99,,2.69,,,,,,onstage_oshw5b_default.png,/Users/lpdmusic/Documents/New project/Photos/Percussion/onstage_oshw5b_default.png
,,,OnStage,Percussion,Drum Sticks,,OSAMH7AN,American Hickory Tip 7A,,Only Available In Brick/6-pack,,24.99,,8.99,,,,,,onstage_osamh7an_default.png,/Users/lpdmusic/Documents/New project/Photos/Percussion/onstage_osamh7an_default.png
,,,OnStage,Percussion,Drum Sticks,OS4,OS-MN2B,American Made Maple Nylon Tip,2B,,,4.99,,1.99,,,,,,onstage_osmn5a_default.png,/Users/lpdmusic/Documents/New project/Photos/Percussion/onstage_osmn5a_default.png
,,,OnStage,Percussion,Drum Sticks,OS4,OS-MN5A,American Made Maple Nylon Tip,5A,,,4.99,,1.99,,,,,,onstage_osmn5a_default.png,/Users/lpdmusic/Documents/New project/Photos/Percussion/onstage_osmn5a_default.png
,,,OnStage,Percussion,Drum Sticks,OS4,OS-MN5B,American Made Maple Nylon Tip,5B,,,4.99,,1.99,,,,,,onstage_osmn5a_default.png,/Users/lpdmusic/Documents/New project/Photos/Percussion/onstage_osmn5a_default.png
,,,OnStage,Percussion,Drum Sticks,OS4,OS-MN7A,American Made Maple Nylon Tip,7A,,,4.99,,1.99,,,,,,onstage_osmn5a_default.png,/Users/lpdmusic/Documents/New project/Photos/Percussion/onstage_osmn5a_default.png
,,,OnStage,Percussion,Drum Sticks,,OSDSB6700,3-Pocket Stick Bag,,,Black,,13.95,7.45,,,,,,onstage_osdsb6700_default.png,/Users/lpdmusic/Documents/New project/Photos/Percussion/onstage_osdsb6700_default.png
,,,Zildjian,Percussion,Drum Sticks,,TWAX2,Drumstick Wax,,,,9.50,,4.99,,,,,,zildjian_twax2_default.png,/Users/lpdmusic/Documents/New project/Photos/Percussion/zildjian_twax2_default.png
,,,Zildjian,Percussion,Drum Sticks,,zsb,Drum Stick Bag,,"The ZSB’s tough nylon handles are built for the long haul; its durable outer jacket keeps your drumstick assortment neat, organized, and in prime working order.",Black,20.95,,15.99,,,,,,zildjian_zsb_default.png,/Users/lpdmusic/Documents/New project/Photos/Percussion/zildjian_zsb_default.png
,,,Grover,Percussion,Brushes & Mallets,,4826,"Duplex Brushes ""Snap Out""",,,,20.50,,9.64,,,,,,grover_4826_default.png,/Users/lpdmusic/Documents/New project/Photos/Percussion/grover_4826_default.png
,,,Vic Firth,Percussion,Brushes & Mallets,,VFWB,Wire Bristle,,,,35.00,,23.50,,,,,,vic-firth_vfwb_default.png,/Users/lpdmusic/Documents/New project/Photos/Percussion/vic-firth_vfwb_default.png
,,,Vic Firth,Percussion,Brushes & Mallets,,VFBJR,Jazz Rake,,,,42.25,,19.01,,,,,,vic-firth_vfbjr_default.png,/Users/lpdmusic/Documents/New project/Photos/Percussion/vic-firth_vfbjr_default.png
,,,Grover,Percussion,Brushes & Mallets,,4827,"Duplex Brushes ""Loop End""",,,,24.95,,11.62,,,,,,grover_4827_default.png,/Users/lpdmusic/Documents/New project/Photos/Percussion/grover_4827_default.png
,,,Vic Firth,Percussion,Brushes & Mallets,,VFHB,Heritage Brush,,,,41.00,,24.50,,,,,,vic-firth_vfhb_default.png,/Users/lpdmusic/Documents/New project/Photos/Percussion/vic-firth_vfhb_default.png
,,,Vic Firth,Percussion,Brushes & Mallets,,VFMB3H,Hard Mallet Marching Bass,,,,61.00,,36.60,,,,,,vic-firth_vfmb3h_default.png,/Users/lpdmusic/Documents/New project/Photos/Percussion/vic-firth_vfmb3h_default.png
,,,Vic Firth,Percussion,Brushes & Mallets,,VFT1,General Mallet,,,,52.00,,33.80,,,,,,vic-firth_vft1_default.png,/Users/lpdmusic/Documents/New project/Photos/Percussion/vic-firth_vft1_default.png
,,,OnStage,Percussion,Brushes & Mallets,,OSWPM200,Felt-Tip Mallets,,,,39.99,,9.49,,,,,,onstage_oswpm200_default.png,/Users/lpdmusic/Documents/New project/Photos/Percussion/onstage_oswpm200_default.png
,,,Vic Firth,Percussion,Brushes & Mallets,,VFM1,M1 Soft Wound Yarn,,,,41.00,,30.75,,,,,,vic-firth_vfm1_default.png,/Users/lpdmusic/Documents/New project/Photos/Percussion/vic-firth_vfm1_default.png
,,,Vic Firth,Percussion,Brushes & Mallets,,VFM5,M5 Medium Hard Rubber,,,,28.00,,21.00,,,,,,vic-firth_vfm5_default.png,/Users/lpdmusic/Documents/New project/Photos/Percussion/vic-firth_vfm5_default.png
,,,Vic Firth,Percussion,Brushes & Mallets,,VFM3,M3 Medium Wound Yarn,,,,41.00,,30.75,,,,,,vic-firth_vfm3_default.png,/Users/lpdmusic/Documents/New project/Photos/Percussion/vic-firth_vfm3_default.png
,,,Cardinal,Percussion,Hand Percussion,,FN75,Musical Washboard,,,,38.50,,18.29,,,,,,cardinal_fn75_default.png,/Users/lpdmusic/Documents/New project/Photos/Percussion/cardinal_fn75_default.png
,,,TKO,Percussion,Hand Percussion,,XYLOPHONE,Xylophone Bell Kit 15”,,,,49.99,,29.00,,,,,,tko_xylophone_default.png,/Users/lpdmusic/Documents/New project/Photos/Percussion/tko_xylophone_default.png
,,,Grover,Percussion,Hand Percussion,,3569,Sleigh Bells,,,,10.95,,5.20,,,,,,grover_3569_default.png,/Users/lpdmusic/Documents/New project/Photos/Percussion/grover_3569_default.png
,,,Cardinal,Percussion,Hand Percussion,CPC1,CPCB5,Cowbell,5”,,,18.50,,9.25,,,,,,cardinal_cpcb5_default.png,/Users/lpdmusic/Documents/New project/Photos/Percussion/cardinal_cpcb5_default.png
,,,Cardinal,Percussion,Hand Percussion,CPC1,CPCB6,Cowbell,6”,,,19.00,,9.50,,,,,,cardinal_cpcb5_default.png,/Users/lpdmusic/Documents/New project/Photos/Percussion/cardinal_cpcb5_default.png
,,,Cardinal,Percussion,Hand Percussion,CPC1,CPCB7,Cowbell,7”,,,21.00,,10.50,,,,,,cardinal_cpcb5_default.png,/Users/lpdmusic/Documents/New project/Photos/Percussion/cardinal_cpcb5_default.png
,,,Cardinal,Percussion,Hand Percussion,CPC1,CPCB8,Cowbell,8”,,,22.50,,11.25,,,,,,cardinal_cpcb5_default.png,/Users/lpdmusic/Documents/New project/Photos/Percussion/cardinal_cpcb5_default.png
,,,Dunlop,Percussion,Hand Percussion,DP01,9102,Gel Egg Shakers,36pc Display,,,159.99,,71.99,,,,,,dunlop_9102_default.png,/Users/lpdmusic/Documents/New project/Photos/Percussion/dunlop_9102_default.png
,,,Dunlop,Percussion,Hand Percussion,DP01,9103TBK,Gel Egg Shakers,1 Pair,,Black,7.83,,3.52,,,,,,dunlop_9103tbk_black.png,/Users/lpdmusic/Documents/New project/Photos/Percussion/dunlop_9103tbk_black.png
,,,Grover,Percussion,Hand Percussion,,3567,Sleigh Bells 13 Bells,,,,62.50,,29.69,,,,,,grover_3567_default.png,/Users/lpdmusic/Documents/New project/Photos/Percussion/grover_3567_default.png
,,,Grover,Percussion,Hand Percussion,,3568,Sleigh Bells 25 Bells,,,,85.95,,39.93,,,,,,grover_3568_default.png,/Users/lpdmusic/Documents/New project/Photos/Percussion/grover_3568_default.png
,,,OnStage,Percussion,Hand Percussion,,OSTMB3200,Handheld Tambo,,,Black,,18.95,10.69,,,,,,onstage_ostmb3200_default.png,/Users/lpdmusic/Documents/New project/Photos/Percussion/onstage_ostmb3200_default.png
,,,Latin Groove,Percussion,Hand Percussion,,KL3,Claves Rosewood,,,,24.95,,10.89,,,,,,latin-groove_kl3_default.png,/Users/lpdmusic/Documents/New project/Photos/Percussion/latin-groove_kl3_default.png
,,,OnStage,Percussion,Hand Percussion,,OSHPCS3500,Standard Cabasa,,,,,30.95,19.99,,,,,,onstage_oshpcs3500_default.png,/Users/lpdmusic/Documents/New project/Photos/Percussion/onstage_oshpcs3500_default.png