sort_order,page,story_id,brand,top_category,subcategory,sku,product_name,description,colors,list_price,map_price,net_price,net_price_if_buy_4_or_more,net_price_if_buy_6_or_more,net_price_if_buy_10_or_more,net_price_if_buy_12_or_more,net_price_if_buy_20_or_more,net_price_if_buy_72_or_more,source_image_name,source_image_path
,,,Sennheiser,Pro Audio,Headphones,HD200PRO,Closed-Back Headphones,,,,89.00,71.25,,,,,,,,
,,,AKG,Pro Audio,Headphones,K371,Closed-Back Headphones,"K371s have deeper bass and higher highs than any other model in their class, with a stunning frequency response of 5 Hz to 40 kHz.",,,175.00,128.85,,,,,,,,
,,,CASIO,Pro Audio,Headphones,XW-H3,Lightweight Headphones,"Tough and lightweight, XW SERIES HEADPHONES are designed to keep pure sound flowing without interruption. ",,,99.00,39.99,,,,,,,,
,,,Sennheiser,Pro Audio,Headphones,HD280PRO,Closed-Back Headphones,,,,99.95,80.00,,,,,,,,
,,,AKG,Pro Audio,Headphones,K553MKII,Closed-Back Headphones,"AKG K553MKII 2” low-impedance drivers provide strong, accurate, and distinguished bass response. Extra-large soft ear pads ensure stress-free listening over long sessions.",,,229.00,172.09,,,,,,,,
,,,Audio-Technica,Pro Audio,Headphones,ATHM50XBT2,Bluetooth Headphones,,,,199.00,157.49,,,,,,,,
,,,Joyo,Pro Audio,Headphones,JMH-02,Monitor Headphones,"JMH-02 Professional Monitor Headphones deliver high resolution and well-balanced sound, with rich treble, smooth mids and clear bass. Closed back design eliminates background noise effectively, facilitating monitoring.",,,29.99,21.99,,,,,,,,
,,,Joyo,Pro Audio,Headphones,JMH-04,Studio Headphones,"The JMH-04 monitor headphones adopts high-definition 40mm driver and compact earcups, ultra-soft ear cushions design, delivering exceptionally clear sound.",,,19.99,10.99,,,,,,,,
,,,Joyo,Pro Audio,Headphones,JMH-01,Monitor Headphones,"JOYO JMH-01 professional monitor headphones have a spacious sound field, reproducing the sound faithfully. 50mm large aperture drivers with rare-earth magnets and copper-clad aluminum wire voice coils. Exceptional clarity throughout an extended frequency range, with much deeper, more accurate bass response. ",,,49.99,34.99,,,,,,,,
,,,Joyo,Pro Audio,Headphones,XW-H2,Over Ear Headphones,"The XW Series are the beginning of a new era at Casio. Featuring a powerful monophonic lead synth, an unprecedented built-in step sequencer and performance controller functions, its no wonder the XW-P1 has won numerous awards from the industry's leading publications. ",,,99.00,39.99,,,,,,,,
,,,Vic Firth,Pro Audio,Headphones,SIH3,Stereo Iso Headphones,"Offering 25dB of noise reduction, they protect your ears while letting you listen with confidence. Enjoy rich bass, crisp mids, and clear highs for an optimal listening experience.",,87.95,,64.50,,,,,,,,
,,,Cascha,Pro Audio,Microphones,HH5080,Dynamic Stage Microphone Set,"The Cascha Stage Dynamic Microphone is a true allrounder with high-quality sound, and the included microphone clamp and 10ft long XLR cable round off the set perfectly and offers an immediate entry into the world of music.",,39.99,,20.99,,,,,,,,
,,,AKG,Pro Audio,Microphones,C44-USB,Condenser Microphone,,,,149.00,118.46,,,,,,,,
,,,AKG,Pro Audio,Microphones,P420,Large-Diaphragm Condenser Mic,,,,199.00,160.97,,,,,,,,
,,,Audio-Technica,Pro Audio,Microphones,AT829CW,Cardioid Condenser Mic,Cardioid Condenser Lavalier mic with clip. Terminated with locking 4-pin connector for A-T UniPak® body-pack wireless transmitters. 55” cable.,,,69.00,57.00,,,,,,,,
,,,Audio-Technica,Pro Audio,Microphones,PRO35,Cardioid Condenser Mic,,,,149.00,114.73,,,,,,,,
,,,Audio-Technica,Pro Audio,Microphones,ATM610A,Hypercardioid Dynamic Mic,,,,149.00,115.50,,,,,,,,
,,,Sennheiser,Pro Audio,Microphones,E845,Super Cardioid Vocal Mic,"Dynamic super-cardioid vocal mic, which helps to reduce spill and feedback. Ideal for presentations, conferences, choirs, rehearsal rooms, and stage. Easily eliminates ambient noise. Superb high frequency reproduction.",,,109.00,87.25,,,,,,,,
,,,Sennheiser,Pro Audio,Microphones,E835S,Dynamic Cardioid Vocal Mic,"Dynamic cardioid microphone designed for speech and vocals. With a solid sound that cuts through high volumes on stage. Intended for home recording, semi-pro studios and live sound applications. Extra on/off switch.",,,99.95,80.00,,,,,,,,
,,,Sennheiser,Pro Audio,Microphones,MD421II,Dynamic Cardioid Mic,Easy handling due to pronounced directivity. Clear sound reproduction. For most recording conditions and broadcasting applications. Five-position bass control.,,,399.95,320.00,,,,,,,,
,,,Sennheiser,Pro Audio,Microphones,E835,Dynamic Cardioid Vocal Mic,"Dynamic cardioid microphone designed for speech and vocals. Produces a solid sound that projects well and cuts through high volumes on stage. Intended for home recording, semi-pro studios and live sound applications.",,,99.95,80.00,,,,,,,,
,,,Sennheiser,Pro Audio,Microphones,3PKE835,Dynamic Cardioid Vocal Mic,"Dynamic cardioid microphone designed for speech and vocals. Produces a solid sound that projects well and cuts through high volumes on stage. Intended for home recording, semi-pro studios and live sound applications.",,,279.00,223.00,,,,,,,,
,,,Sennheiser,Pro Audio,Microphones,E935,Dynamic Cardioid Vocal Mic,"Dynamic cardioid vocal microphone offering a smooth, natural sound. Fast transient response ensures no details are missed. Low handling noise. 100% metal casing for tough on-stage use.",,,199.95,160.00,,,,,,,,
,,,Sennheiser,Pro Audio,Microphones,E945,Dynamic Cardioid Vocal Mic,Dynamic super-cardioid vocal microphone with a narrower pick-up pattern. Powerful and rich in detail. The ideal choice when the vocals really have to cut through. Low handling noise. 100% metal casing for tough on-stage use.,,,219.00,175.00,,,,,,,,
,,,Sennheiser,Pro Audio,Microphones,XS-1,Dynamic Cardioid Vocal Mic,"The Sennheiser XS 1 is a remarkable entry-level microphone because it offers professional features that more experienced artists expect. This makes it ideal for a variety of settings, from live stage environments to quiet studio recordings. Backed by years of Sennheiser engineering, the XS 1 produces a clear and full-bodied sound, allowing your vocals to cut through the mix with ease.",,,55.00,44.00,,,,,,,,
,,,Sennheiser,Pro Audio,Microphones,E609S,Super Cardioid Guitar Mic,"Super-cardioid silver instrument microphone designed for miking guitar cabs face-on and extremely close to the source. Provides isolation from other onstage signals. Also suitable for miking drums, especially toms.",,,99.95,80.00,,,,,,,,
,,,Sennheiser,Pro Audio,Microphones,E906,Super Cardioid Instrument Mic,"Professional super-cardioid, dynamic instrument mic. Versatile to handle drums, percussion, and guitar amplifiers. Switchable presence filter to tailor its sonic characteristics to different requirements.",,,219.00,175.00,,,,,,,,
,,,Sennheiser,Pro Audio,Microphones,E6043PK,Dyn Cardioid Drum/Brass Mic 3 Pack,"Compact dynamic cardioid instrument microphone. Transmits high SPLs without distortion. Compatible with toms, snares, and percussion. Clips-on quickly and easily wherever you choose. Tough, reinforced housing, and clamp.",,,429.00,343.00,,,,,,,,
,,,Sennheiser,Pro Audio,Microphones,E604,Dynamic Cardioid Drum/Brass Mic,"Compact dynamic cardioid instrument microphone. Transmits high SPLs without distortion. Compatible with toms, snares, and percussion. Clips-on quickly and easily wherever you choose. Tough, reinforced housing, and clamp.",,,159.00,127.00,,,,,,,,
,,,Joyo,Pro Audio,Wireless Systems,MW-2,Wireless Microphone System,"5.8GHz wireless frequency band, strong anti-interference ability, longer transmission distance and high stability, and solid RF connection over a 100 ft range. Broadcasts on 4 channels at the same time. Built-in rechargeable battery, compact and portable.",,,59.99,40.99,,,,,,,,
,,,Sennheiser,Pro Audio,Wireless Systems,XSW1-ME2-A,XS 1 Mic Set,,,,399.00,319.00,,,,,,,,
,,,Sennheiser,Pro Audio,Wireless Systems,XSW2-835-A,XS 2 Vocal Set,,,,479.00,383.00,,,,,,,,
,,,Joyo,Pro Audio,Wireless Systems,MW-1,Wireless Microphone System,"5.8GHz wireless frequency band, strong anti-interference ability, longer transmission distance and high stability, and solid RF connection over a 100 ft range. Broadcasts on 4 channels at the same time. Built-in rechargeable battery, compact and portable.",,,109.99,79.99,,,,,,,,
,,,Sennheiser,Pro Audio,Wireless Systems,XSW1-825-A,XS 1 Vocal Set,,,,329.00,263.00,,,,,,,,
,,,Jamstand,Pro Audio,Mic Stands & Accessories,JSMCRB100,Round Based Mic Stand,,,56.99,,18.99,,17.99,,,,,,
,,,Ultimate Support,Pro Audio,Mic Stands & Accessories,MC05B,Classic Series Mic Stand,,,60.99,,25.99,,,,,,,,
,,,OnStage,Pro Audio,Mic Stands & Accessories,OSMS7201B,Round-Base Mic Stand,,,,31.95,18.99,,,,,,,,
,,,Jamstand,Pro Audio,Mic Stands & Accessories,JSMCFB100,Fixed Length Boom Tripod Stand,,,49.99,,22.99,21.99,,,,,,,
,,,Ultimate Support,Pro Audio,Mic Stands & Accessories,MC40BPRO,Classic Series Mic Stand w/Boom,,,72.99,,32.49,,,,,,,,
,,,OnStage,Pro Audio,Mic Stands & Accessories,OSMS7701B,Euro Boom Mic Stand,,,,37.95,20.99,,,,,,,,
,,,Jamstand,Pro Audio,Mic Stands & Accessories,JSMCFB6PK,Fixed Length Boom Tri Stand 6 Pack,,,174.99,,79.99,,,,,,,,
,,,Jamstand,Pro Audio,Mic Stands & Accessories,JSMCTB200,Telescoping Boom Tripod Stand,,,69.99,,23.49,22.49,,,,,,,
,,,Jamstand,Pro Audio,Mic Stands & Accessories,JSMC100,Tripod Mic Stand,,,50.99,,15.99,14.99,,,,,,,
,,,Jamstand,Pro Audio,Mic Stands & Accessories,JSFB100,Fixed Length Mic Boom Arm,,,37.99,,9.49,8.99,,,,,,,
,,,Jamstand,Pro Audio,Mic Stands & Accessories,JSTB100,Telescoping Mic Boom Arm,,,39.99,,11.49,10.49,,,,,,,
,,,Jamstand,Pro Audio,Mic Stands & Accessories,JSMCFB50,Short Stand w/Fixed-Length Boom,,,54.99,,17.99,16.99,,,,,,,
,,,Jamstand,Pro Audio,Mic Stands & Accessories,JSMCTB50,Low-Pro Stand w/Telescoping Boom,,,61.99,,21.99,20.99,,,,,,,
,,,Jamstand,Pro Audio,Mic Stands & Accessories,JSKD50,Kick Drum/Amp Mic Stand,,,55.99,,19.99,18.99,,,,,,,
,,,Hamilton,Pro Audio,Mic Stands & Accessories,KB810,Desktop Tripod Mic Stand,,,29.99,,13.79,,,,12.99,,,,
,,,Jamstand,Pro Audio,Mic Stands & Accessories,JSDMS50,Desktop Round Based Mic Stand,,,39.99,,9.49,,,,,,,,
,,,Jamstand,Pro Audio,Mic Stands & Accessories,JSMMS1,Mini Desktop Tripod Mic Stand,,,35.99,,8.29,7.49,,,,,,,
,,,Shure,Pro Audio,Mic Stands & Accessories,STMH,Style Mic Holder Standard,,,3.95,,1.89,,,,1.79,,,,
,,,Shure,Pro Audio,Mic Stands & Accessories,STMHLG,Style Mic Holder Large,,,3.95,,2.29,,,,1.99,,,,
,,,Soundstage,Pro Audio,Mic Stands & Accessories,UTMH,Wireless Mic Clip,,,3.95,,1.89,,,,1.79,,,,
,,,OnStage,Pro Audio,Mic Stands & Accessories,OSTCM1500,Tablet/Phone Holder,,,,31.95,18.99,,,,,,,,
,,,Jamstand,Pro Audio,Mic Stands & Accessories,JSMNT101,Universal IPad Holder,,,54.99,,15.99,,,,,,,,
,,,Soundstage,Pro Audio,Mic Stands & Accessories,DHH,Multi Use Mic Clamp,,,7.49,,3.29,,2.99,,,,,,
,,,OnStage,Pro Audio,Mic Stands & Accessories,MST1000,U-Mount Mic Stand Tray,,,18.95,,11.29,,,,,,,,
,,,OnStage,Pro Audio,Mic Stands & Accessories,ASVS4-B,"4"" Pop Blocker","4"" screen reduces undesirable vocal pops",,31.99,,8.89,,,,,,,,
,,,OnStage,Pro Audio,Mic Stands & Accessories,fpop01,Pop Filter,Nylon pop filter with gooseneck,,49.95,,20.95,,,,,,,,
,,,String Swing,Pro Audio,Mic Stands & Accessories,SH01,Drink Holder,,,20.39,,9.69,,,,,,,,
,,,OnStage,Pro Audio,Mic Windscreens,RS58,Mic Screen,,,15.00,,4.98,,,,,,,,
,,,OnStage,Pro Audio,Mic Windscreens,WS,Ball Mic Foam Windscreen,,"Black, Grey, Blue, Green, Yellow, Orange, Red",3.95,,1.99,,1.75,,,,,,
,,,Atlas Sound,Pro Audio,Mic Stands & Accessories,adf58e,Podium Mount Flange Black,,,6.50,,2.75,,,,,,,,
,,,OnStage,Pro Audio,Mic Stands & Accessories,OSMSA9030-06B,Gooseneck 6”,,,13.99,,4.19,,,,,,,,
,,,OnStage,Pro Audio,Mic Stands & Accessories,OSMSA9030-13B,Gooseneck 13”,,,17.99,,5.49,,,,,,,,
,,,Atlas Sound,Pro Audio,Mic Stands & Accessories,adf58c,Podium Mount Flange Chrm,,,6.95,,2.95,,,,,,,,
,,,Ultimate Support,Pro Audio,Speaker Stands & Accessories,TS110B,Lift-Assist Tripod Stand,,,209.99,,105.99,,,,,,,,
,,,Ultimate Support,Pro Audio,Speaker Stands & Accessories,TS110BL,Lift-Assist Tripod Stand,,,219.99,,114.99,,,,,,,,
,,,Ultimate Support,Pro Audio,Speaker Stands & Accessories,TS80B,Aluminum Tripod Stand,,,149.99,,65.99,,,,,,,,
,,,Tube Tech,Pro Audio,Speaker Stands & Accessories,TT753,Heavy Duty Speaker Stand,,,59.95,,27.48,,,,,,,,
,,,Tube Tech,Pro Audio,Speaker Stands & Accessories,TT754,Heavy Duty Speaker Stand,,,89.50,,37.95,,,,,,,,
,,,Jamstand,Pro Audio,Speaker Stands & Accessories,JSTS502PK,Tripod Stands Pair 2 Pack,,,135.99,,55.99,,,,,,,,
,,,Jamstand,Pro Audio,Speaker Stands & Accessories,JSMS70,Studio Stands Pair,,,89.99,,47.99,,,,,,,,
,,,Ultimate Support,Pro Audio,Speaker Stands & Accessories,LTB48B,4 Ft. Cross Bar,,,82.99,,35.99,,,,,,,,
,,,Tube Tech,Pro Audio,Speaker Stands & Accessories,SPM10,Speaker Mounts 1-3/8”,,,8.95,,3.95,,3.75,,,,,,
,,,Jamstand,Pro Audio,Speaker Stands & Accessories,JS-MDS50,Compact Device Stand,,,29.99,,10.99,,,,,,,,
,,,Ultimate Support,Pro Audio,Speaker Stands & Accessories,LTB24B,2 Ft Cross Bar,,,82.99,,35.99,,,,,,,,
,,,Hosa,Pro Audio,Audio Cables & DI Boxes,HMIC-005,"5’ Mic Cable, XL R3M-XLR3F",,,25.95,,10.93,,,,,,,,
,,,Hosa,Pro Audio,Audio Cables & DI Boxes,HMIC-010,"10’ Mic Cable, XL R3M-XLR3F",,,34.95,,14.84,,,,,,,,
,,,Hosa,Pro Audio,Audio Cables & DI Boxes,HMIC-010HZ,"10’ Mic Cable, XLR Female To 1/4” TS",,,34.95,,12.65,,,,,,,,
,,,Hosa,Pro Audio,Audio Cables & DI Boxes,HMIC-015,"15’ Mic Cable, XLR3F-XLR3M",,,45.45,,16.50,,,,,,,,
,,,Hosa,Pro Audio,Audio Cables & DI Boxes,HMIC020,"20’ Mic Cable, XLR3F - XLR3F",,,57.95,,24.04,,,,,,,,
,,,Hosa,Pro Audio,Audio Cables & DI Boxes,HMIC025,"25’ REAN XLR3M - XLR3F, 20 GA",,,60.95,,25.30,,,,,,,,
,,,Hosa,Pro Audio,Audio Cables & DI Boxes,HMIC025HZ,25’ XLR Female To 1/4” TS Male,,,59.95,,24.78,,,,,,,,
,,,Hosa,Pro Audio,Audio Cables & DI Boxes,MCL-110,10’ XLR3F-XLR3M,,,25.95,,11.27,,,,,,,,
,,,Hosa,Pro Audio,Audio Cables & DI Boxes,MCL-115,15’ XLR3F-XLR3M,,,32.95,,13.86,,,,,,,,
,,,Hosa,Pro Audio,Audio Cables & DI Boxes,MCL-120,20’ XLR3F-XLR3M,,,37.95,,16.56,,,,,,,,
,,,Hosa,Pro Audio,Audio Cables & DI Boxes,MCL-125,25’ XLR3F-XLR3M,,,40.95,,17.88,,,,,,,,
,,,Hosa,Pro Audio,Audio Cables & DI Boxes,MCL-130,30’ XLR3F - XLR3M,,,48.95,,21.16,,,,,,,,
,,,Hosa,Pro Audio,Audio Cables & DI Boxes,MCL-150,50’ XLR3F - XLR3M,,,73.95,,31.74,,,,,,,,
,,,Hosa,Pro Audio,Audio Cables & DI Boxes,SKJ-430,30’ 1/4” TS To 1/4” TS Speaker Cable,,,77.95,,31.11,,,,,,,,
,,,Hosa,Pro Audio,Audio Cables & DI Boxes,SKJ-450,50’ 1/4” TS To 1/4” TS Speaker Cable,,,117.95,,46.92,,,,,,,,
,,,Hosa,Pro Audio,Audio Cables & DI Boxes,HSS005,"1/4” Phone - 1/4” Balanced, 5’",,,23.95,,9.95,,,,,,,,
,,,Hosa,Pro Audio,Audio Cables & DI Boxes,HSS010,"1/4” Phone - 1/4” Balanced, 10’",,,30.95,,12.54,,,,,,,,
,,,Hosa,Pro Audio,Audio Cables & DI Boxes,STX105M,1/4” In TRS To XLR3M,,,18.95,,7.59,,,,,,,,
,,,Hosa,Pro Audio,Audio Cables & DI Boxes,mid303,"MIDI, 3 Ft.",,,12.95,,5.41,,,,,,,,
,,,Hosa,Pro Audio,Audio Cables & DI Boxes,mid305,"MIDI, 5 Ft.",,,14.95,,6.01,,,,,,,,
,,,Hosa,Pro Audio,Audio Cables & DI Boxes,mid310,"MIDI, 10 Ft.",,,16.95,,7.30,,,,,,,,
,,,Hosa,Pro Audio,Audio Cables & DI Boxes,mid315,"MIDI, 15 Ft.",,,20.95,,8.57,,,,,,,,
,,,Hosa,Pro Audio,Audio Cables & DI Boxes,mid320,"MIDI, 20 Ft.",,,24.95,,9.83,,,,,,,,
,,,Hosa,Pro Audio,Audio Cables & DI Boxes,usm422,"MIDI I/O To USB Type A, 6 Ft.",,,84.95,,33.52,,,,,,,,
,,,Hosa,Pro Audio,Audio Cables & DI Boxes,HSX003,"XLR Male - TRS Male, 3’",,,19.95,,8.34,,,,,,,,
,,,Hosa,Pro Audio,Audio Cables & DI Boxes,HSX005,"XLR Male - TRS Male, 5’",,,22.95,,9.32,,,,,,,,
,,,Hosa,Pro Audio,Audio Cables & DI Boxes,HSX010,"XLR Male - TRS Male, 10’",,,28.95,,11.96,,,,,,,,
,,,Hosa,Pro Audio,Audio Cables & DI Boxes,XLR103,"XLR Female - XLR Male, 3’",,,18.95,,7.59,,,,,,,,
,,,Hosa,Pro Audio,Audio Cables & DI Boxes,XLR105,"XLR Female - XLR Male, 5’",,,18.95,,7.94,,,,,,,,
,,,Hosa,Pro Audio,Audio Cables & DI Boxes,XLR110,"XLR Female - XLR Male, 10’",,,20.95,,8.86,,,,,,,,
,,,Hosa,Pro Audio,Audio Cables & DI Boxes,HXS005,"XLR Female - 1/4” TRS Male, 5”",,,23.95,,9.60,,,,,,,,
,,,Hosa,Pro Audio,Audio Cables & DI Boxes,HXS010,"XLR Female - 1/4” TRS Male, 10”",,,28.95,,12.59,,,,,,,,
,,,Hosa,Pro Audio,Audio Cables & DI Boxes,CMP305,5’ 3.5 MM TS To 1/4 In TS,,,11.95,,5.06,,,,,,,,
,,,Hosa,Pro Audio,Audio Cables & DI Boxes,cmm105,"Stereo Interconnect, 5’ 3.5MM TRS",,,11.95,,5.06,,,,,,,,
,,,Hosa,Pro Audio,Audio Cables & DI Boxes,cmm110,"Stereo Interconnect, 10’, 3.5MM TRS",,,14.95,,5.87,,,,,,,,
,,,Hosa,Pro Audio,Audio Cables & DI Boxes,CMP303,3’ 3.5MM TS To 1/4 In TS,,,10.95,,4.26,,,,,,,,
,,,Hosa,Pro Audio,Audio Cables & DI Boxes,CMS110,"3.5MM TRS To 1/4” TRS, 10’ IPod",,,14.95,,6.33,,,,,,,,
,,,Hosa,Pro Audio,Audio Cables & DI Boxes,HPE325,"Ext. 1/4” Phone (F) - 1/4” (M), 25’",,,23.95,,9.60,,,,,,,,
,,,Hosa,Pro Audio,Audio Cables & DI Boxes,CMP110,"3.5MM TRS - 1/4” TS, 10’",,,14.95,,5.98,,,,,,,,
,,,Hosa,Pro Audio,Audio Cables & DI Boxes,CRA201,"RCA To RCA, 3.3 Ft",,,12.95,,5.52,,,,,,,,
,,,Hosa,Pro Audio,Audio Cables & DI Boxes,CRA202,"RCA To RCA, 6.6 Ft",,,15.95,,6.90,,,,,,,,
,,,Hosa,Pro Audio,Audio Cables & DI Boxes,CRA203,"RCA To RCA, 9.9 Ft",,,19.95,,8.28,,,,,,,,
,,,Hosa,Pro Audio,Audio Cables & DI Boxes,CMR203,"3.5MM TRS To Dual RCA, 3 Ft",,,12.95,,5.52,,,,,,,,
,,,Hosa,Pro Audio,Audio Cables & DI Boxes,CMR206,"3.5MM TRS To Dual RCA, 6 Ft",,,15.95,,6.67,,,,,,,,
,,,Hosa,Pro Audio,Audio Cables & DI Boxes,cmr210,"3.5MM TRS To Dual RCA, 10 Ft",,,19.95,,8.28,,,,,,,,
,,,Hosa,Pro Audio,Audio Cables & DI Boxes,Cpr201,"RCA To 1/4” Phone, 1M",,,15.95,,6.61,,,,,,,,
,,,Hosa,Pro Audio,Audio Cables & DI Boxes,cpr203,"RCA To 1/4”, Phone, 3M",,,22.95,,9.37,,,,,,,,
,,,Hosa,Pro Audio,Audio Cables & DI Boxes,CPR204,"RCA To 1/4”, Phone, 4M",,,24.95,,10.41,,,,,,,,
,,,Hosa,Pro Audio,Audio Cables & DI Boxes,TRS202,"Stereo 1/4” Phono - 2 RCA, 2M",,,15.95,,6.61,,,,,,,,
,,,Hosa,Pro Audio,Audio Cables & DI Boxes,TRS203,"Stereo 1/4” Phono - 2 RCA, 3M",,,18.95,,7.94,,,,,,,,
,,,Hosa,Pro Audio,Audio Cables & DI Boxes,YPR102,"1/4” TRS To Dual RCAF, 6 In",,,10.95,,3.80,,,,,,,,
,,,Hosa,Pro Audio,Audio Cables & DI Boxes,YPR124,"1/4” TS To Dual RCA, 6 In",,,7.95,,3.11,,,,,,,,
,,,Hosa,Pro Audio,Audio Cables & DI Boxes,YPR103,1/4” TS To Dual RCAF 6”,,,7.95,,3.34,,,,,,,,
,,,Hosa,Pro Audio,Audio Cables & DI Boxes,YPR131,3.5MM TRS To Dual RCAF 6”,,,11.95,,4.54,,,,,,,,
,,,Hosa,Pro Audio,Audio Cables & DI Boxes,YRA154,"3.5MM TRS To Dual RCAF 6""",,,10.95,,3.80,,,,,,,,
,,,Hosa,Pro Audio,Audio Cables & DI Boxes,YRA104,RCA To Dual RCAF 6”,,,7.95,,3.11,,,,,,,,
,,,Hosa,Pro Audio,Audio Cables & DI Boxes,CMP153,3.5MM TRS To Dual 1/4” TS 3’,,,14.95,,5.98,,,,,,,,
,,,Hosa,Pro Audio,Audio Cables & DI Boxes,CMP159,3.5MM TRS To Dual 1/4” TS 10’,,,19.95,,8.40,,,,,,,,
,,,Hosa,Pro Audio,Audio Cables & DI Boxes,YMP137,3.5MM TRS To Dual 1/4” TSF 6”,,,11.95,,5.06,,,,,,,,
,,,Hosa,Pro Audio,Audio Cables & DI Boxes,YPP106,1/4” TSF To Dual 1/4” TS 6”,,,11.95,,4.60,,,,,,,,
,,,Hosa,Pro Audio,Audio Cables & DI Boxes,YPP136,1/4” TRSF To Dual 1/4” TS 6”,,,11.95,,4.95,,,,,,,,
,,,Hosa,Pro Audio,Audio Cables & DI Boxes,YMP434,3.5MM TRSF To Dual 1/4 In TS,,,11.95,,4.60,,,,,,,,
,,,Hosa,Pro Audio,Audio Cables & DI Boxes,YPP111,"1/4” TS To Dual 1/4” TSF 6""",,,11.95,,5.06,,,,,,,,
,,,Hosa,Pro Audio,Audio Cables & DI Boxes,YPP118,"1/4” TRS To Dual 1/4” TRSF 6""",,,12.95,,5.52,,,,,,,,
,,,Hosa,Pro Audio,Audio Cables & DI Boxes,YPP117,"1/4” TSR To Dual 1/4” TSF 6""",,,14.95,,5.87,,,,,,,,
,,,Hosa,Pro Audio,Audio Cables & DI Boxes,stp201,Stereo 1/4” PH. (M) - Mono 1/4” 1m,,,14.95,,6.01,,,,,,,,
,,,Hosa,Pro Audio,Audio Cables & DI Boxes,STP202,Stereo 1/4” PH. (M) - Mono 1/4” 2m,,,16.95,,6.96,,,,,,,,
,,,Hosa,Pro Audio,Audio Cables & DI Boxes,STP203,Stereo 1/4” PH. (M) - Mono 1/4” 3m,,,20.95,,8.57,,,,,,,,
,,,Hosa,Pro Audio,Audio Cables & DI Boxes,cyp105,1/4” TS To Dual 1/4” TS 5’,,,16.95,,7.30,,,,,,,,
,,,Hosa,Pro Audio,Audio Cables & DI Boxes,CPP201,1/4” Phone To 1/4” Phone 1m,,,15.95,,6.79,,,,,,,,
,,,Hosa,Pro Audio,Audio Cables & DI Boxes,YXM121,XLR3F To Dual XLR3M 6”,,,23.95,,10.29,,,,,,,,
,,,Hosa,Pro Audio,Audio Cables & DI Boxes,GPP146,Pedal Effect Coupler,,,11.95,,4.89,,,,,,,,
,,,Hosa,Pro Audio,Audio Cables & DI Boxes,GPP105,1/4” TRS To 1/4” TRS,,,9.95,,3.51,,,,,,,,
,,,Hosa,Pro Audio,Audio Cables & DI Boxes,GPP151,Right Angle 1/4” TS 1/4” TS,,,11.95,,4.66,,,,,,,,
,,,Hosa,Pro Audio,Audio Cables & DI Boxes,GPR101,RCA To 1/4” TS 2 Pack,,,6.95,,3.11,,,,,,,,
,,,Hosa,Pro Audio,Audio Cables & DI Boxes,GPr123,Right Angle RCA To 1/4” TS 2 Pack,,,9.95,,3.74,,,,,,,,
,,,Hosa,Pro Audio,Audio Cables & DI Boxes,GPR104,1/4” TS To RCA,,,6.95,,2.59,,,,,,,,
,,,Hosa,Pro Audio,Audio Cables & DI Boxes,GRM193,Dual RCA To 3.5MM TRS,,,6.95,,2.88,,,,,,,,
,,,Hosa,Pro Audio,Audio Cables & DI Boxes,GRa101,RCA To RCA 2 PK,,,6.95,,2.88,,,,,,,,
,,,Hosa,Pro Audio,Audio Cables & DI Boxes,GXP143,XLR3F To 1/4” TRS,,,15.95,,6.61,,,,,,,,
,,,Hosa,Pro Audio,Audio Cables & DI Boxes,GXX144,XLR3M To XLR3M,,,14.95,,6.04,,,,,,,,
,,,Hosa,Pro Audio,Audio Cables & DI Boxes,GXX145,XLR3F To XLR3F,,,18.95,,7.59,,,,,,,,
,,,Sound Stage,Pro Audio,Audio Cables & DI Boxes,MIT129,Mic Transformer,,,44.95,,18.34,,,,,,,,
,,,Hosa,Pro Audio,Audio Cables & DI Boxes,GSK116,1/4” TS To Neutrik SpeakON,,,36.95,,15.47,,,,,,,,
,,,Hosa,Pro Audio,Audio Cables & DI Boxes,BNP116,Adapter Cable 1/4” (F) 16AWG 6”,,,25.95,,10.81,,,,,,,,
,,,Hosa,Pro Audio,Audio Cables & DI Boxes,GMP113,1/4” TS To 3.5MM TS,,,6.95,,2.76,,,,,,,,
,,,Hosa,Pro Audio,Audio Cables & DI Boxes,GMP112,1/4” TRS To 3.5MM TRS,,,6.95,,2.76,,,,,,,,
,,,Hosa,Pro Audio,Audio Cables & DI Boxes,GPM103,3.5MM TRS To 1/4” TRS,,,5.95,,2.19,,,,,,,,
,,,Hosa,Pro Audio,Audio Cables & DI Boxes,GPM179,3.5MM TRS To 1/4” TRS,,,6.95,,2.59,,,,,,,,
,,,Kirlin,Pro Audio,Audio Cables & DI Boxes,MWC-270PB-10/RDA,10’ Red XLR Cable,,,16.99,,8.49,,,,,,,,
,,,Kirlin,Pro Audio,Audio Cables & DI Boxes,MWC-270PB-10/BLA,10’ Blue XLR Cable,,,16.99,,8.49,,,,,,,,
,,,Kirlin,Pro Audio,Audio Cables & DI Boxes,MWC-270PB-10/ORA,10’ Orange XLR Cable,,,16.99,,8.49,,,,,,,,
,,,Kirlin,Pro Audio,Audio Cables & DI Boxes,MWC-270PB-10/bka,10’ Gray XLR Cable,,,16.99,,8.49,,,,,,,,
,,,Pig Hog,Pro Audio,Audio Cables & DI Boxes,PHM20,Mic Cables 20 Ft,,,54.95,,10.95,,,,,,,,
,,,Pig Hog,Pro Audio,Audio Cables & DI Boxes,PHM25,Mic Cables 25 Ft,,,59.95,,11.95,,,,,,,,
,,,Pig Hog,Pro Audio,Audio Cables & DI Boxes,PHM30,Mic Cables 30 Ft,,,67.95,,13.49,,,,,,,,
,,,Pig Hog,Pro Audio,Audio Cables & DI Boxes,PHX14-10,HP EXT Cables 10 Ft,,,14.95,,4.53,,,,,,,,
,,,Sound Stage,Pro Audio,Audio Cables & DI Boxes,ad1610,Speaker Cables 16 Guage 10 Ft,,,23.90,,10.75,,,,10.15,,,,
,,,Sound Stage,Pro Audio,Audio Cables & DI Boxes,ad1620,Speaker Cables 16 Guage 20 Ft,,,33.90,,15.25,,,,14.40,,,,
,,,Sound Stage,Pro Audio,Audio Cables & DI Boxes,ad1625,Speaker Cables 16 Guage 25 Ft,,,39.50,,17.75,,,,16.75,,,,
,,,Sound Stage,Pro Audio,Audio Cables & DI Boxes,ad1650,Speaker Cables 16 Guage 50 Ft,,,62.95,,28.33,,,,26.75,,,,
,,,Sound Stage,Pro Audio,Audio Cables & DI Boxes,AJD20,Mic Cables 16 Guage 20 Ft LOZ,,,34.25,,15.40,,,,14.55,,,,
,,,Sound Stage,Pro Audio,Audio Cables & DI Boxes,AJD30,Mic Cables 16 Guage 30 Ft LOZ,,,46.90,,21.11,,,,19.93,,,,
,,,Sound Stage,Pro Audio,Audio Cables & DI Boxes,ard20,Mic Cables 16 Guage 20 Ft Heat Shrink,,,29.50,,13.28,,,,12.54,,,,
,,,Strukture,Pro Audio,Audio Cables & DI Boxes,SMC20,Speaker Cables 20-Foot XLR 6MM Rubber,,,24.95,,5.94,,,,,,,,
,,,Strukture,Pro Audio,Audio Cables & DI Boxes,SMC50,Speaker Cables 16 Guage 50-Foot,,,45.95,,12.91,,,,,,,,
,,,Strukture,Pro Audio,Audio Cables & DI Boxes,SMC100,Speaker Cables 16 Guage 100-Foot,,,64.95,,22.89,,,,,,,,
,,,Strukture,Pro Audio,Audio Cables & DI Boxes,SMCHZ20,Speaker Cables 16 Guage 20 Ft HIZ XLR Female To 1/4” Male,,,24.95,,5.94,,,,,,,,
,,,Conquest,Pro Audio,Audio Cables & DI Boxes,CSI14100,100 Ft Speaker Cable,,,149.00,,67.05,,,,63.33,,,,
,,,Economy,Pro Audio,Audio Cables & DI Boxes,PL128,3 Pin Male XLR,,,2.65,,0.99,,,,0.90,,0.83,,
,,,Economy,Pro Audio,Audio Cables & DI Boxes,PL133,15’ XLR3F-XLR3M,,,1.55,,0.42,,,,0.38,,0.35,,
,,,Economy,Pro Audio,Audio Cables & DI Boxes,AD116,Grounding Adapter,,,0.98,,0.28,,,,,,,,
,,,Hosa,Pro Audio,Audio Cables & DI Boxes,DIB443,Sidekick Passive DI Box,1/4 in TS to XLR3M,,59.95,,25.47,,,,,,,,
,,,OnStage,Pro Audio,Audio Cables & DI Boxes,OSDB500,Microphone Preamp,"Converts high-impedance inputs to balanced, low-impedance outputs",,40.95,,21.95,,,,,,,,
,,,Furman,Pro Audio,Power Conditioners,PST-2+6,Compact 15A Surge Suppressor 8 Outle,,,89.95,,47.99,,,,,,,,
,,,Furman,Pro Audio,Power Conditioners,PST-6,15A Surge Suppressor 6 Outlet,,,124.95,,69.99,,,,,,,,
,,,Furman,Pro Audio,Power Conditioners,PST-8,15A Surge Suppressor 8 Outlet,,,224.95,,114.99,,,,,,,,
,,,Furman,Pro Audio,Power Conditioners,M-8DX,15A Standard Power Conditioner,"Noise Filtration, Surge Protection, 9 Outlets, Digital Voltmeter, 15 Amp Rating, “Protection OK” Indicator, Wall Wart Spacing Indicator, Front Panel Pull-out Lights",,259.95,,134.99,,,,,,,,
,,,Furman,Pro Audio,Power Conditioners,M-8LX,15A Merit Power Conditioner,"Noise Filtration, Surge Protection, 9 Outlets, 15 Amp Rating, “Protection OK” Indicator, Wall Wart Spacing Indicator, Front Panel Pull-out Lights",,209.00,,99.99,,,,,,,,
,,,ER,Pro Audio,Miscellaneous,MU113,Pocket Digital Multimeter,,,15.00,,5.95,,,,,,,,
,,,Mighty Bright,Pro Audio,Miscellaneous,50612,Roadie Lights: Silver,,,11.99,,5.49,,,,4.19,,,,
,,,OnStage,Pro Audio,Miscellaneous,OSGT260B,2” Gaffer Tape,,,17.95,,11.49,,,,,,,,
,,,Deoxit,Pro Audio,Miscellaneous,D5S6,Contact Cleaner 5% Spray,,,24.95,,12.64,,,,,,,,
,,,Deoxit,Pro Audio,Miscellaneous,G5S6,Gold Contact Enhancer,,,34.95,,17.54,,,,,,,,
,,,Switchcraft,Pro Audio,Miscellaneous,184L,1/4” Jumbo Plug,,,8.00,,4.00,,,,3.80,,,,
,,,Switchcraft,Pro Audio,Miscellaneous,D3F,3 Pin (F) Panel Mount XLR,,,6.40,,3.20,,,,3.05,,,,
,,,Switchcraft,Pro Audio,Miscellaneous,361A,1/4” (F) - 1/4” (F) Adapter,,,15.25,,7.63,,,,7.24,,,,
,,,Hosa,Pro Audio,Miscellaneous,GFT447BK,Gaffers Tape 2” Wide & 60 Yards,,,34.95,,17.48,,,,,,,,
,,,Hosa,Pro Audio,Miscellaneous,GFT459BK,Gaffers Tape 4” Wide & 60 Yards,,,67.75,,33.93,,,,,,,,
