sort_order,page,story_id,brand,top_category,subcategory,sku,product_name,description,colors,map_price,net_price,net_price_if_buy_6_or_more,net_price_if_buy_12_or_more,source_image_name,source_image_path
,2,u13b12,Danelectro,Fretted Instruments,Electric Guitars,D56U2-BLK,‘56 U2,• Single Cutaway Body Design • Rosewood Fretboard • ‘56 Lipstick Single Coil Pickups • 3-Way Pickup Switch • Adjustable Saddle Bridge • Volume and Tone Control,Black,$569.00,$398.30,,,danelectro_d56u2-blk_black.png,/Users/lpdmusic/Documents/New project/Photos/Fretted Instruments/danelectro_d56u2-blk_black.png
,2,u13b34,Danelectro,Fretted Instruments,Electric Guitars,D57,‘57,• Single Cutaway Body Design • Rosewood Fretboard • ‘56 Lipstick Single Coil Pickups • 3-Way Pickup Switch • Adjustable Saddle Bridge • Volume and Tone Controls,"Limo Black, Jade",$599.00,$419.30,,,danelectro_d57_black.png,/Users/lpdmusic/Documents/New project/Photos/Fretted Instruments/danelectro_d57_black.png
,2,u13bc0,Danelectro,Fretted Instruments,Electric Guitars,STOCK 59,Stock ‘59,• Double cutaway • 2 Lipstick Pickups • Master Volume & Tone Controls • Original swivel bridge • Natural maple neck with lacquer finish,"Black, Cream, Red, Aqua, Vintage Aqua",$459.00,$344.25,,,danelectro_stock-59_black.png,/Users/lpdmusic/Documents/New project/Photos/Fretted Instruments/danelectro_stock-59_black.png
,2,u16d0d,Danelectro,Fretted Instruments,Electric Guitars,D59m-plus,‘59M NOS+,• Shorthorn shape • Scale length: 25” • Number of frets: 21 • Fully adjustable wraparound bridge • 2 NOS+ lipstick® pickups • 2 stacked tone & volume controls • 3 way pickup selector,"Keen Green, Ice Grey, Red, Seafoam, Copper, Go Go Blue, Orange, Baby Blue, White, Black",$529.00,$370.30,,,danelectro_d59m-plus_keen-green.png,/Users/lpdmusic/Documents/New project/Photos/Fretted Instruments/danelectro_d59m-plus_keen-green.png
,3,u16dd3,Danelectro,Fretted Instruments,Electric Guitars,D59M-PLUS-MF,59M NOS+ Metalflake,• Scale length: 25” • Number of frets: 21 • Fully adjustable wraparound bridge • 2 NOS+ lipstick ® pickups • 2 stacked tone & volume controls • 3 way pickup selector,"Blue Metalflake, Silver Metalflake, Orange Metalflake, Black Metalflake, and Red Metalflake",$569.00,$398.30,,,danelectro_d59m-plus-mf_blue-metalflake.png,/Users/lpdmusic/Documents/New project/Photos/Fretted Instruments/danelectro_d59m-plus-mf_blue-metalflake.png
,3,u16dea,Danelectro,Fretted Instruments,Electric Guitars,D59M-PLUS-LFT,‘59M NOS+ Lefty,• Scale length: 25” • Number of frets: 21 • Coke bottle headstock • Rosewood saddle bridge • 2 NOS+ Lipstick ® pickups • 2 stacked tone & volume controls • 3 way pickup selector,"Black, Seafoam Green",$569.00,$398.30,,,danelectro_d59m-plus-lft_black.png,/Users/lpdmusic/Documents/New project/Photos/Fretted Instruments/danelectro_d59m-plus-lft_black.png
,3,u16e18,Danelectro,Fretted Instruments,Electric Guitars,Triple DIVINE,Triple Divine,• Scale length: 25” • Number of frets: 21 • U3 intonatable saddled bridge • 2 stacked Volume and Tone pots • CRL ® 5-way pickup switch,Red & Burgundy,$799.00,$559.00,,,danelectro_triple-divine_red.png,/Users/lpdmusic/Documents/New project/Photos/Fretted Instruments/danelectro_triple-divine_red.png
,3,u16f7c,Danelectro,Fretted Instruments,Electric Guitars,D59DIVINE,59 Divine,• Scale length: 25” • Number of frets: 21 • Fully adjustable wraparound bridge • 2 NOS+ lipstick ® pickups • 2 stacked tone & volume controls • 3 way pickup selector,"Dark Walnut, Flame Maple, Fresh Cream",$699.00,$489.30,,,danelectro_d59divine_dark-walnut.png,/Users/lpdmusic/Documents/New project/Photos/Fretted Instruments/danelectro_d59divine_dark-walnut.png
,4,u16fa4,Danelectro,Fretted Instruments,Electric Guitars,BO59-MF,Blackout ‘59,• Scale length: 25” • Number of frets: 21 • Fully adjustable wraparound bridge • 2 NOS+ lipstick ® pickups • 2 stacked tone & volume controls • 3 way pickup selector • Black pick guards and black side tape,"Purple Metalflake, Black Metalflake",$569.00,$398.30,,,danelectro_bo59-mf_purple-metalflake.png,/Users/lpdmusic/Documents/New project/Photos/Fretted Instruments/danelectro_bo59-mf_purple-metalflake.png
,4,u16fbb,Danelectro,Fretted Instruments,Electric Guitars,59XT,‘59XT,• Number of frets: 21 • High output single coil in neck • Lipstick ® Humbucker pair in bridge • 2 stacked tone & volume controls • 3-way pickup selector • Wilkinson tremolo,"Dark Aqua, Black, Silver, Dark Burgundy & Vintage Cream",$599.00,$449.25,,,danelectro_59xt_aqua.png,/Users/lpdmusic/Documents/New project/Photos/Fretted Instruments/danelectro_59xt_aqua.png
,4,u16fd3,Danelectro,Fretted Instruments,Electric Guitars,D59R,Fifty Niner,• Scale length: 25” • Number of frets: 21 • Neck finish: clear satin • ’ 56 Lipstick ® neck pickup • Piezo pickup mounted in cone • 1 master volume • 1 master tone • 1 blend pot,"Gold, Jade, & Red",$569.00,$398.30,,,danelectro_d59r_gold.png,/Users/lpdmusic/Documents/New project/Photos/Fretted Instruments/danelectro_d59r_gold.png
,4,u17114,Danelectro,Fretted Instruments,Electric Guitars,BO59-GRN,Blackout ‘59,• Scale length: 25” • Number of frets: 21 • Fully adjustable wraparound bridge • 2 NOS+ lipstick ® pickups • 2 stacked tone & volume controls • 3 way pickup selector • Black pick guards and black side tape,Green Metalflake,$529.00,$370.30,,,danelectro_bo59-grn_green-metalflake.png,/Users/lpdmusic/Documents/New project/Photos/Fretted Instruments/danelectro_bo59-grn_green-metalflake.png
,5,u17197,Danelectro,Fretted Instruments,Electric Guitars,DPBS,PB Special,• Body Shape: Danelectro Doublecut • Scale Length: 25” • Number of frets: 21 • 3-way toggle pickup switch,"Black, White & Copper",$529.00,$370.30,,,danelectro_dpbs_black.png,/Users/lpdmusic/Documents/New project/Photos/Fretted Instruments/danelectro_dpbs_black.png
,5,u171ae,Danelectro,Fretted Instruments,Electric Guitars,64XT,64XT,• Scale Length: 25” • Number of frets: 21 • Wilkinson vibrato bridge • 3-way toggle pickup switch,Aqua,$599.00,$449.25,,,danelectro_64xt_aqua.png,/Users/lpdmusic/Documents/New project/Photos/Fretted Instruments/danelectro_64xt_aqua.png
,5,u171c6,Danelectro,Fretted Instruments,Electric Guitars,D67,67 Dano,• Scale length: 25” • Number of frets: 21 • Fully adjustable bridge • 2 lipstick ® pickups,"Aqua, Red, Black, Yellow",$599.00,$419.30,,,danelectro_d67_aqua.png,/Users/lpdmusic/Documents/New project/Photos/Fretted Instruments/danelectro_d67_aqua.png
,5,u171dd,Danelectro,Fretted Instruments,Electric Guitars,DLHGUITAR-CPR,Longhorn Guitar,• Scale length: 25” • Number of frets: 21 • 6 saddle fully adjustable bridge • 2 lipstick ® pickups • 1 master volume and 1 master tone,Copperburst,$569.00,$398.30,,,danelectro_dlhguitar-cpr_copperburst.png,/Users/lpdmusic/Documents/New project/Photos/Fretted Instruments/danelectro_dlhguitar-cpr_copperburst.png
,5,u17361,Danelectro,Fretted Instruments,Electric Guitars,DPRO,Pro Semi-Hollow Electric Guitar,"• Scale Length: 21” • Number of frets: 21 • Danelectro 50’s Single-coil • Controls: 1 X volume, 1 x tone Maroon with",Silver Glitter,$529.00,$370.30,,,danelectro_dpro_silver-glitter.png,/Users/lpdmusic/Documents/New project/Photos/Fretted Instruments/danelectro_dpro_silver-glitter.png
,5,u17378,Danelectro,Fretted Instruments,Electric Guitars,CONV,Convertible,• Scale length: 25” • Number of frets: 21 • ’56 Lipstick® pickup mounted in sound hole • Piezo pickup mounted inside under bridge,"Tobacco Sunburst, Black & Cream",$599.00,$419.30,,,danelectro_conv_tobacco-sunburst.png,/Users/lpdmusic/Documents/New project/Photos/Fretted Instruments/danelectro_conv_tobacco-sunburst.png
,6,u1892e,Danelectro,Fretted Instruments,Specialty Guitars,12SDC,12SDC 12 String,• Joint: Bolt-on • Scale length: 25” • Radius: 7.25” • Number of frets: 21 • Neck pickup: Lipstick • Bridge pickup: Lipstick • Bridge: Fully adjustable fixed bridge • Master Volume/Tone Controls,"Gloss Black, Vintage White & Aqua",$549.00,$384.30,,,danelectro_12sdc_black.png,/Users/lpdmusic/Documents/New project/Photos/Fretted Instruments/danelectro_12sdc_black.png
,6,u18946,Danelectro,Fretted Instruments,Specialty Guitars,59R12ST,Fifty Niner 12 string,"• Semi-hollowbody • Fifty Niner 12-string Doublecut • Scale length: 25” • Number of frets: 21 • Neck Pickup: Angled Single-coil • Bridge Pickup: Dual Lipstick Humbucker • Controls: 1 x volume, 1 x tone (push/pull) • Switching: 3-way blade pickup switch",Black & Gold,$629.00,$424.00,,,danelectro_59r12st_black.png,/Users/lpdmusic/Documents/New project/Photos/Fretted Instruments/danelectro_59r12st_black.png
,6,u1895d,Danelectro,Fretted Instruments,Specialty Guitars,D59X12,59x 12 String,• Double cutaway shorthorn shape • Scale length: 25” • Number of frets: 21 • Semi-hollow body with center block • 1 Dual Lipstick Humbucker • 1 master volume • 1 master tone,"Black, Blood Red, Vintage Cream, Ice Grey, Red Burst & Black Metal Flake",$599.00,$449.25,,,danelectro_d59x12_black.png,/Users/lpdmusic/Documents/New project/Photos/Fretted Instruments/danelectro_d59x12_black.png
,6,u18974,Danelectro,Fretted Instruments,Specialty Guitars,D59RESO,‘59 Resonator,• Scale length: 25” • Number of frets: 21 • ’ 56 Lipstick ® neck pickup • Piezo pickup mounted in cone,"Black, Tobacco Sunburst",$699.00,$524.25,,,danelectro_d59reso_black.png,/Users/lpdmusic/Documents/New project/Photos/Fretted Instruments/danelectro_d59reso_black.png
,7,u175fa,Danelectro,Fretted Instruments,Specialty Guitars,D59V12,Vintage 12 String,• Scale length: 25” • Number of frets: 21 • Fully adjustable 12 string bridge • 2 lipstick® pickups,"Aqua, Red, Vintage White, Black",$599.00,$419.30,,,danelectro_d59v12_aqua.png,/Users/lpdmusic/Documents/New project/Photos/Fretted Instruments/danelectro_d59v12_aqua.png
,7,u17611,Danelectro,Fretted Instruments,Specialty Guitars,DBN612,Doubleneck 6/12,• Scale Length: 25” • Number of frets: 21 • Fully adjustable 6 & 12 string bridge • Lipstick Single-coil,Red Crackle & White,$899.00,$674.25,,,danelectro_dbn612_red-crackle.png,/Users/lpdmusic/Documents/New project/Photos/Fretted Instruments/danelectro_dbn612_red-crackle.png
,7,u17656,Danelectro,Fretted Instruments,Specialty Guitars,D56VBAR,‘56 Vintage Baritone,• 29.75” scale neck • Number of frets: 24 • Fully adjustable bridge • 2 high output Lipstick ® pickups • 3 way pickup selector • “S” sound hole,"Black, Vintage White, Red, Aqua",$599.00,$419.30,,,danelectro_d56vbar_black.png,/Users/lpdmusic/Documents/New project/Photos/Fretted Instruments/danelectro_d56vbar_black.png
,7,u1766d,Danelectro,Fretted Instruments,Specialty Guitars,D56BAR,56 Baritone,• “Dolphin” headstock • 29.75” short-scale neck • Number of frets: 24 • Fully adjustable bridge,"Black, Red",$549.00,$384.30,,,danelectro_d56bar_black.png,/Users/lpdmusic/Documents/New project/Photos/Fretted Instruments/danelectro_d56bar_black.png
,7,u177fd,Danelectro,Fretted Instruments,Specialty Guitars,D56BAR,56 Baritone,• “Dolphin” headstock • 29.75” short-scale neck • Number of frets: 24 • Fully adjustable bridge • 1 master volume • 1 master tone • 3 way pickup selector,"Red Burst, Black Metal Flake, Silver Metal Flake",$569.00,$398.30,,,danelectro_d56bar_red-burst.png,/Users/lpdmusic/Documents/New project/Photos/Fretted Instruments/danelectro_d56bar_red-burst.png
,7,u17850,Danelectro,Fretted Instruments,Specialty Guitars,D56BARLFTY-BLK,56 Baritone Lefty,• “Dolphin” headstock • 29.75” short-scale neck • Number of frets: 24 • Fully adjustable bridge • 3 way pickup selector,Black,$599.00,$419.30,,,danelectro_d56barlfty-blk_black.png,/Users/lpdmusic/Documents/New project/Photos/Fretted Instruments/danelectro_d56barlfty-blk_black.png
,8,u178c5,Danelectro,Fretted Instruments,Specialty Guitars,LHBARI,Longhorn Baritone,• 29.72” scale length • Number of frets: 24 • 6-saddle adjustable bridge • 2 high output lipstick ® pickups,"Copperburst, Blackburst",$569.00,$398.30,,,danelectro_lhbari_copperburst.png,/Users/lpdmusic/Documents/New project/Photos/Fretted Instruments/danelectro_lhbari_copperburst.png
,8,u178dc,Danelectro,Fretted Instruments,Electric Guitars,66BT,‘66 Baritone,• Reverse double cutaway offset horn shape • Semi-hollow body with center block • Number of frets: 22 • Fully adjustable wraparound bridge,Transparent Blue,$899.00,$674.25,,,danelectro_66bt_transparent-blue.png,/Users/lpdmusic/Documents/New project/Photos/Fretted Instruments/danelectro_66bt_transparent-blue.png
,8,u1790a,Danelectro,Fretted Instruments,Specialty Guitars,D59RBAR,Fifty Niner Baritone,• Scale Length: 25” • Number of frets: 21 • Fully adjustable wraparound bridge • 2 high output lipstick ® pickups,Black & Jade,$629.00,$440.30,,,danelectro_d59rbar_black.png,/Users/lpdmusic/Documents/New project/Photos/Fretted Instruments/danelectro_d59rbar_black.png
,8,u17921,Danelectro,Fretted Instruments,Specialty Guitars,DBSITAR,Baby Sitar,• Round body shape • “Thermometer” headstock shape • 6 strings tuned like standard guitar • Scale length: 24.75”,"Sunburst, Red Crackle, Aqua",$599.00,$449.25,,,danelectro_dbsitar_sunburst.png,/Users/lpdmusic/Documents/New project/Photos/Fretted Instruments/danelectro_dbsitar_sunburst.png
,8,u17ac9,Danelectro,Fretted Instruments,Specialty Guitars,COSITAR,Coral Sitar,• Bolt-on neck: Maple • Pau Ferro fretboard • Number of frets: 21 • Scale: 25.5”,"Red Crackle, Black Crackle, White Crackle",$799.00,$559.30,,,danelectro_cositar_red-crackle.png,/Users/lpdmusic/Documents/New project/Photos/Fretted Instruments/danelectro_cositar_red-crackle.png
,9,u16bd6,Danelectro,Fretted Instruments,Bass Guitars,DLHBASS,Longhorn Bass,• 1958 longhorn bass body shape • 29.75” short-scale neck • Number of frets: 24 • Traditional bridge with rosewood saddle • 2 stacked volume/tone control sets,"Copperburst, Black",$569.00,$398.30,,,danelectro_dlhbass_copperburst.png,/Users/lpdmusic/Documents/New project/Photos/Fretted Instruments/danelectro_dlhbass_copperburst.png
,9,u17ae0,Danelectro,Fretted Instruments,Bass Guitars,D56BASS-BLK,56 Single Cut Bass,• Short scale length: 29.75” • Number of frets: 24 • Fully adjustable bridge • 2 lipstick ® pickups • 2 master volume • 1 master tone,Black,$569.00,$398.30,,,danelectro_d56bass-blk_black.png,/Users/lpdmusic/Documents/New project/Photos/Fretted Instruments/danelectro_d56bass-blk_black.png
,9,u17af7,Danelectro,Fretted Instruments,Bass Guitars,59SSB,59 DC Short Scale Bass,• Scale length: 29.75” • Number of frets: 24 • Fully adjustable bridge • 2 High Output Lipstick ® pickups,"Copper, Cream, Black Metalflake",$579.00,$405.30,,,danelectro_59ssb_copper.png,/Users/lpdmusic/Documents/New project/Photos/Fretted Instruments/danelectro_59ssb_copper.png
,9,u17bd6,Danelectro,Fretted Instruments,Bass Guitars,D59DCBASS,59 DC Long Scale Bass,• ’59 DC Shorthorn shape • Scale length: 34” • Frets: 20 • 2 stacked volume/tone controls • 3 way pickup switch,"Black, Copperburst",$599.00,$419.30,,,danelectro_d59dcbass_black.png,/Users/lpdmusic/Documents/New project/Photos/Fretted Instruments/danelectro_d59dcbass_black.png
,9,u17bf6,Danelectro,Fretted Instruments,Bass Guitars,59RSSB-JADE,Fifty Niner Bass,• Number of frets: 24 • Fully adjustable bridge • Pickups: 2 x Dano 50’s • Lipstick Single Coils,Jade,$599.00,$420.00,,,danelectro_59rssb-jade_jade.png,/Users/lpdmusic/Documents/New project/Photos/Fretted Instruments/danelectro_59rssb-jade_jade.png
,9,u17c0d,Danelectro,Fretted Instruments,Bass Guitars,59RLSB-JADE,Fifty Niner Bass Lefty,• Number of frets: 24 • Fully adjustable bridge • Pickups: 2 x Dano 50's • Lipstick Single Coils,Jade,$599.00,$420.00,,,danelectro_59rlsb-jade_jade.png,/Users/lpdmusic/Documents/New project/Photos/Fretted Instruments/danelectro_59rlsb-jade_jade.png
,10,u16bf8,Danelectro,Fretted Instruments,Bass Guitars,D58LHBLFT,Longhorn Bass Lefty,• 1958 longhorn bass body shape • 29.75” short-scale neck • Number of frets: 24 • Traditional bridge with rosewood saddle • 2 stacked volume/tone control sets,Copperburst,$629.00,$440.30,,,danelectro_d58lhblft_copperburst.png,/Users/lpdmusic/Documents/New project/Photos/Fretted Instruments/danelectro_d58lhblft_copperburst.png
,10,u17c63,Danelectro,Fretted Instruments,Bass Guitars,D58LHB,Longhorn Semi-Hollow Bass,• 1958 longhorn bass body shape • 29.75 short-scale neck • Number of frets: 24 • Traditional bridge with Pau Ferro saddle • 2 stacked volume/tone control sets,"Red, Jade, Moonlight Delight & White",$599.00,$418.75,,,danelectro_d58lhb_red.png,/Users/lpdmusic/Documents/New project/Photos/Fretted Instruments/danelectro_d58lhb_red.png
,11,u17cfc,Aria,Fretted Instruments,Acoustic Guitars,ARIA-151LIL,Lil’ Aria,• Top: Spruce • Back & Side: Sapele • Neck: Mahogany,"Orange Sunburst, Tobacco Sunburst, Natural, & Black",249.00,149.00,,,aria_aria-151lil_orange-sunburst.jpg,/Users/lpdmusic/Documents/New project/Photos/Fretted Instruments/aria_aria-151lil_orange-sunburst.jpg
,11,u17d53,Aria,Fretted Instruments,Acoustic Guitars,ARIA-131UP,Urban Player Series,• Top: Spruce • Back & Side: Sapele • Neck: Mahogany • Frets: 20,"Red, Blue, Green, & Black",299.00,189.00,,,aria_aria-131up_red.jpg,/Users/lpdmusic/Documents/New project/Photos/Fretted Instruments/aria_aria-131up_red.jpg
,11,u17e3f,Aria,Fretted Instruments,Acoustic Guitars,ARIA-101UP,Urban Player Series,• Top: Spruce • Back & Side: Sapele • Neck: Mahogany • Frets: 20,"Red, Blue, & Green",299.00,189.00,,,aria_aria-101up_red.jpg,/Users/lpdmusic/Documents/New project/Photos/Fretted Instruments/aria_aria-101up_red.jpg
,11,u17d34,Aria,Fretted Instruments,Acoustic Guitars,ARIA-101DP,Delta Player Orchestra,• Top: Spruce • Back & Side: Sapele • Neck: Mahogany • Frets: 20 • Nut Width: 43mm,Muddy Brown,299.00,189.00,,,aria_aria-101dp_muddy-brown.jpg,/Users/lpdmusic/Documents/New project/Photos/Fretted Instruments/aria_aria-101dp_muddy-brown.jpg
,11,u17f9a,Aria,Fretted Instruments,Acoustic Guitars,ARIA-111DP,Delta Player Dreadnought,• Top: Spruce • Back & Side: Sapele • Neck: Mahogany • Frets: 20 • Nut Width: 43mm,Muddy Brown,299.00,189.00,,,aria_aria-111dp_muddy-brown.jpg,/Users/lpdmusic/Documents/New project/Photos/Fretted Instruments/aria_aria-111dp_muddy-brown.jpg
,12,u1814a,Aria,Fretted Instruments,Acoustic Guitars,ARIA-111DP-L,Delta Player Dreadnought Lefty,• Top: Spruce • Back & Side: Sapele • Neck: Mahogany • Frets: 20 • Nut Width: 43mm,Muddy Brown,$289.00,$184.00,,,aria_aria-111dp-l_muddy-brown.jpg,/Users/lpdmusic/Documents/New project/Photos/Fretted Instruments/aria_aria-111dp-l_muddy-brown.jpg
,11,u17fbf,Aria,Fretted Instruments,Acoustic Guitars,ARIA-131DP,Delta Player Parlor,• Top: Spruce • Back & Side: Sapele • Neck: Mahogany • Frets: 20 • Nut Width: 43mm,Muddy Brown,299.00,189.00,,,aria_aria-131dp_muddy-brown.jpg,/Users/lpdmusic/Documents/New project/Photos/Fretted Instruments/aria_aria-131dp_muddy-brown.jpg
,12,u181f7,Aria,Fretted Instruments,Acoustic Guitars,ARIA-111,V100 Dreadnought Lefty,• Top: Spruce • Back & Side: Sapele • Neck: Mahogany • Frets: 20,"Natural, Tobacco Burst, Black, & Cherry Burst",275.00,172.00,,,aria_aria-111_cherry-burst.jpg,/Users/lpdmusic/Documents/New project/Photos/Fretted Instruments/aria_aria-111_cherry-burst.jpg
,12,u18084,Aria,Fretted Instruments,Acoustic Guitars,ARIA-101,Vintage 100 Orchestra,• Top: Spruce • Back & Side: Sapele • Neck: Mahogany • Frets: 20,"Tobacco Burst, Natural, Black",279.00,179.00,,,aria_aria-101_tobacco-burst.png,/Users/lpdmusic/Documents/New project/Photos/Fretted Instruments/aria_aria-101_tobacco-burst.png
,12,u181dc,Aria,Fretted Instruments,Acoustic Guitars,ARIA-131,Vintage 100 Parlor,• Top: Spruce • Back & Side: Sapele • Neck: Mahogany • Frets: 20,Tobacco Burst & Natural,279.00,179.00,,,aria_aria-131_natural.jpg,/Users/lpdmusic/Documents/New project/Photos/Fretted Instruments/aria_aria-131_natural.jpg
,12,u181c2,Aria,Fretted Instruments,Acoustic Guitars,ARIA-111,Vintage 100 Dreadnought,"• Top: Spruce • Back & Side: Sapele • Neck: Mahogany • Frets: 20 Natural, Tobacco Burst, Black, & Cherry Burst","Natural, Tobacco Burst, Black, & Cherry Burst",289.00,179.00,,,aria_aria-111_cherry-burst.jpg,/Users/lpdmusic/Documents/New project/Photos/Fretted Instruments/aria_aria-111_cherry-burst.jpg
,13,u182a2,Aria,Fretted Instruments,Acoustic Guitars,A-35CE,Cutaway Electric,• Top: Solid Cedar • Back & Sides: Sapele • Neck: Nato • Neck Joint: Dovetail • Number of Frets: 19,,$399.00,$249.00,,,aria_a-35ce_default.png,/Users/lpdmusic/Documents/New project/Photos/Fretted Instruments/aria_a-35ce_default.png
,13,u182b9,Aria,Fretted Instruments,Acoustic Guitars,FEB-F2M,Electro Acoustic Medium Scale,"• Scale: 814mm (32”) • Bridge: Rosewood • Hardware: Black • 4 band equalizer, Notch, Phase & tuner",Stained Brown & Stained Black,$579.95,$349.95,,,aria_feb-f2m_stained-brown.jpeg,/Users/lpdmusic/Documents/New project/Photos/Fretted Instruments/aria_feb-f2m_stained-brown.jpeg
,12,u18238,Aria,Fretted Instruments,Acoustic Guitars,FET-F2,Electro Acoustic Series,• Fingerboard: Rosewood • Bridge: Rosewood • Hardware: Black • Electronics: AEQ-4 Preamp & Piezo Pickup,"Stained Brown, Stained Black",$579.95,$349.95,,,aria_fet-f2_stained-brown.png,/Users/lpdmusic/Documents/New project/Photos/Fretted Instruments/aria_fet-f2_stained-brown.png
,13,u18448,Aria,Fretted Instruments,Acoustic Guitars,FEB-F2/FL,Electro Acoustic Full Scale,"• Top: Flame Nato • Back & Sides: Flame Nato • Neck: Nato • Fingerboard: Rosewood • Scale: 814mm (32”) • Bridge: Rosewood • Hardware: Black • 4 band equalizer, Notch, Phase & tuner",Stained Brown & Stained Black,$579.95,$349.95,,,aria_feb-f2-fl_stained-brown.jpeg,/Users/lpdmusic/Documents/New project/Photos/Fretted Instruments/aria_feb-f2-fl_stained-brown.jpeg
,14,u5648,Aria Pro II,Fretted Instruments,Electric Guitars,stg-003,STG-003,"• Body: Basswood • Neck: Maple, Bolt-on • Fingerboard: Techwood • Number of Frets: 22","Burst, Black, Red, Black/Maple Fretboard, Metal Blue, White, Green, Sonic Blue",$229.00,$139.00,,,aria-pro-ii_stg-003_3-tone-sunburst.jpg,/Users/lpdmusic/Documents/New project/Photos/Fretted Instruments/aria-pro-ii_stg-003_3-tone-sunburst.jpg
,14,u5742,Aria Pro II,Fretted Instruments,Electric Guitars,stg-003-Lefty,STG-003-Lefty,"• Body: Basswood • Neck: Maple, Bolt-on • Fingerboard: Techwood • Number of Frets: 22 • Scale Length: 648mm (25-1/2 inches)",3 Tone Sunburst & Black,$209.00,$127.00,,,aria-pro-ii_stg-003-lefty_3-tone-sunburst.png,/Users/lpdmusic/Documents/New project/Photos/Fretted Instruments/aria-pro-ii_stg-003-lefty_3-tone-sunburst.png
,14,u572a,Aria Pro II,Fretted Instruments,Electric Guitars,stg-003SPL,STG-003SPL,"• Body: Basswood • Neck: Maple, Bolt-on • Fingerboard: Techwood • Number of Frets: 22 • Scale Length: 648mm (25-1/2 inches) Black/Maple Fingerboard",Vintage White & 3 Tone Sunburst,$229.00,$139.00,,,aria-pro-ii_stg-003spl_vintage-white.jpg,/Users/lpdmusic/Documents/New project/Photos/Fretted Instruments/aria-pro-ii_stg-003spl_vintage-white.jpg
,14,u57a4,Aria Pro II,Fretted Instruments,Electric Guitars,stg-MINI,STG-Mini,"• Body: Basswood • Neck: Maple, Bolt-on • Fingerboard: Rosewood • Number of Frets: 22",3 Tone Sunburst & Black Kawaii Pink,$229.00,$139.00,,,aria-pro-ii_stg-mini_3-tone-sunburst.png,/Users/lpdmusic/Documents/New project/Photos/Fretted Instruments/aria-pro-ii_stg-mini_3-tone-sunburst.png
,15,u18f25,Aria Pro II,Fretted Instruments,Electric Guitars,stg-62-VW,STG-62,"• Body: Alder • Neck: Maple, Bolt-on • Fingerboard: Techwood • Number of Frets: 22",Vintage White,$379.00,$249.00,,,aria-pro-ii_stg-62-vw_vintage-white.jpg,/Users/lpdmusic/Documents/New project/Photos/Fretted Instruments/aria-pro-ii_stg-62-vw_vintage-white.jpg
,15,u18f79,Aria Pro II,Fretted Instruments,Electric Guitars,TEG-002M,TEG-002M,"• Body: Basswood • Neck: Maple, Bolt-on • Fingerboard: Techwood • Number of Frets: 22 • Scale Length: 648mm (25-1/2 inches)","3 Tone Sunburst, Black, Ivory, Black w/ Red Tortoise Pickguard, & Candy Apple Red",$269.00,$169.00,,,aria-pro-ii_teg-002m_3-tone-sunburst.png,/Users/lpdmusic/Documents/New project/Photos/Fretted Instruments/aria-pro-ii_teg-002m_3-tone-sunburst.png
,15,u18fa8,Aria Pro II,Fretted Instruments,Electric Guitars,teg-tl,TEG-TL,"• Body: Okume • Neck: Maple 1 piece, Bolt-on • Fingerboard: Maple 1 piece • Number of Frets: 22 • Scale Length: 648mm (25-1/2inches)","Natural, Metallic Ice Blue, White with Tortoise Shell Pickguard",$419.00,$275.00,,,aria-pro-ii_teg-tl_natural.png,/Users/lpdmusic/Documents/New project/Photos/Fretted Instruments/aria-pro-ii_teg-tl_natural.png
,15,u18fcd,Aria Pro II,Fretted Instruments,Electric Guitars,J-1,J-1,"• Body: Poplar • Neck: Maple, Bolt-on • Fingerboard: Rosewood • Number of Frets: 24 • Scale Length: 628mm (24-3/4”) • Bridge: VFT-1 Tremolo • Hardware: Chrome","Candy Apple Red, Black, See Through Vintage White",$299.00,$199.00,,,aria-pro-ii_j-1_candy-apple-red.jpg,/Users/lpdmusic/Documents/New project/Photos/Fretted Instruments/aria-pro-ii_j-1_candy-apple-red.jpg
,16,u19080,Aria Pro II,Fretted Instruments,Electric Guitars,J-2,J-2,"• Body: Poplar • Neck: Maple, Bolt-on • Fingerboard: Rosewood • Number of Frets: 24",Candy Apple Red,$299.00,$199.00,,,aria-pro-ii_j-2_candy-apple-red.jpg,/Users/lpdmusic/Documents/New project/Photos/Fretted Instruments/aria-pro-ii_j-2_candy-apple-red.jpg
,16,u190af,Aria Pro II,Fretted Instruments,Electric Guitars,MAC-STD,MAC-STD,"• Body: Basswood, Carved • TopNeck: Maple, Bolt-On • Fingerboard: Techwood • Frets: 24FScale: 648mm","Metallic Black, Metallic Blue Shade, Metallic Red Shade",$349.00,$229.00,,,aria-pro-ii_mac-std_metallic-red-shade.jpg,/Users/lpdmusic/Documents/New project/Photos/Fretted Instruments/aria-pro-ii_mac-std_metallic-red-shade.jpg
,16,u190c6,Aria Pro II,Fretted Instruments,Electric Guitars,MAC DLX,MAC-DLX,• Body: Ash (Thermo Treatment) • Neck: Maple (Thermo Treatment) 3P • Fingerboard: Rosewood • Frets: 24F Scale: 648mm (25-1/2”),"Stained Black, Stained Brown",$499.00,$329.00,,,aria-pro-ii_mac-dlx_stained-black.jpg,/Users/lpdmusic/Documents/New project/Photos/Fretted Instruments/aria-pro-ii_mac-dlx_stained-black.jpg
,16,u190dd,Aria Pro II,Fretted Instruments,Electric Guitars,DM206,DM-206,• Body: Basswood • Neck: Maple • Fingerboard: Rosewood • Number of Frets: 21 • Scale Length: 628 mm (24-3/4″) • Pickups: AMH-1 (Mini Humbucker) • Tailpiece: Wilkinson • Hardware: Chrome,"Vintage White, 3 Tone Sunburst",$499.00,$319.00,,,aria-pro-ii_dm206_vintage-white.jpeg,/Users/lpdmusic/Documents/New project/Photos/Fretted Instruments/aria-pro-ii_dm206_vintage-white.jpeg
,17,u191e5,Aria Pro II,Fretted Instruments,Electric Guitars,PE-350STD,PE-350STD,"• Body: Basswood, Carved Top • Neck: Okoume, Heel-Less Set Neck • Fingerboard: Rosewood • Number of Frets: 22","Cherry Sunburst, Brown Sunburst, Black",$419.00,$275.00,,,aria-pro-ii_pe-350std_cherry-sunburst.jpg,/Users/lpdmusic/Documents/New project/Photos/Fretted Instruments/aria-pro-ii_pe-350std_cherry-sunburst.jpg
,17,u19214,Aria Pro II,Fretted Instruments,Electric Guitars,PE-350CST,PE-350CST,"• Body: Basswood, Carved Top • Neck: Okoume, Heel-less Set Neck • Fingerboard: Rosewood • Frets: 22F","Aged Black, Aged White",$489.00,$329.00,,,aria-pro-ii_pe-350cst_aged-black.jpg,/Users/lpdmusic/Documents/New project/Photos/Fretted Instruments/aria-pro-ii_pe-350cst_aged-black.jpg
,18,u1936f,Aria Pro II,Fretted Instruments,Electric Guitars,PE-350PG,PE-350PG,"• Body: Okoume, Carved Top • Neck: Okoume, Heel-Less Set Neck • Fingerboard: Rosewood • Frets: 22F",Aged Lemon Drop,$489.00,$329.00,,,aria-pro-ii_pe-350pg_aged-lemon-drop.jpg,/Users/lpdmusic/Documents/New project/Photos/Fretted Instruments/aria-pro-ii_pe-350pg_aged-lemon-drop.jpg
,18,u19358,Aria Pro II,Fretted Instruments,Electric Guitars,PE-350PF,PE-350PF,"• Body: Okoume, Carved Top • Neck: Okoume, Heel-less Set Neck • Fingerboard: Rosewood • Frets: 22F",Aged Black,$489.00,$329.00,,,aria-pro-ii_pe-350pf_aged-black.jpg,/Users/lpdmusic/Documents/New project/Photos/Fretted Instruments/aria-pro-ii_pe-350pf_aged-black.jpg
,17,u1922b,Aria Pro II,Fretted Instruments,Electric Guitars,PE-590STD,PE-590STD,"• Body: Okoume, Carved Top • Neck: Mahogany, Set-Neck • Fingerboard: Rosewood • Frets: 22","Stained Black, Stained Brown",$499.00,$335.00,,,aria-pro-ii_pe-590std_aged-cherry-sunburst.png,/Users/lpdmusic/Documents/New project/Photos/Fretted Instruments/aria-pro-ii_pe-590std_aged-cherry-sunburst.png
,17,u192e1,Aria Pro II,Fretted Instruments,Electric Guitars,PE-590AF,PE-590AF,"• Body: Okoume, Carved Top • Neck: Okoume, Heel-Less Set Neck • Fingerboard: Rosewood • Frets: 22F",Aged Cherry Sunburst,$499.00,$349.00,,,aria-pro-ii_pe-590af_aged-cherry-sunburst.jpg,/Users/lpdmusic/Documents/New project/Photos/Fretted Instruments/aria-pro-ii_pe-590af_aged-cherry-sunburst.jpg
,17,u192c1,Aria Pro II,Fretted Instruments,Electric Guitars,PE-f80,PE-F80,"• Body: Okoume, Carved Top • Neck: Mahogany, Set-Neck • Fingerboard: Rosewood • Frets: 22",Black Top,$569.00,$379.95,,,aria-pro-ii_pe-f80_black-top.png,/Users/lpdmusic/Documents/New project/Photos/Fretted Instruments/aria-pro-ii_pe-f80_black-top.png
,19,u1945c,Aria Pro II,Fretted Instruments,Electric Guitars,714-STD-FULLERTON,714-STD Fullerton,"• Body: Basswood • Neck: Maple, Bolt-on • Fingerboard: Techwood • Number of Frets: 22","3 Tone Sunburst, Black, Vintage White",$209.00,$139.00,,,aria-pro-ii_714-std-fullerton_3-tone-sunburst.png,/Users/lpdmusic/Documents/New project/Photos/Fretted Instruments/aria-pro-ii_714-std-fullerton_3-tone-sunburst.png
,18,u1932a,Aria Pro II,Fretted Instruments,Electric Guitars,714-DG-Fullerton,714-DG Fullerton,"• Body: Poplar • Neck: Roasted Maple, Heel-less Bolt-on • Fingerboard: Rosewood • Number of Frets: 22",Black,$409.00,$269.00,,,aria-pro-ii_714-dg-fullerton_black.png,/Users/lpdmusic/Documents/New project/Photos/Fretted Instruments/aria-pro-ii_714-dg-fullerton_black.png
,18,u19407,Aria Pro II,Fretted Instruments,Electric Guitars,714-JH-Fullerton,714-JH Fullerton,"• Body: Poplar, Flamed Maple Top • Neck: Roasted Maple, Heel-less Bolt-on • Fingerboard: Roasted Maple",Marble White,$409.00,$269.00,,,aria-pro-ii_714-jh-fullerton_marble-white.jpg,/Users/lpdmusic/Documents/New project/Photos/Fretted Instruments/aria-pro-ii_714-jh-fullerton_marble-white.jpg
,19,u194cf,Aria Pro II,Fretted Instruments,Electric Guitars,714-MK2,714-MK2 Fullerton,"• Body: Poplar, Flamed Maple Top • Neck: Roasted Maple, Bolt-on • Fingerboard: Roasted Maple • Number of Frets: 22","Turquoise Blue, Ruby Red, Black Diamond",$429.00,$274.00,,,aria-pro-ii_714-mk2_turquoise-blue.jpg,/Users/lpdmusic/Documents/New project/Photos/Fretted Instruments/aria-pro-ii_714-mk2_turquoise-blue.jpg
,18,u19420,Aria Pro II,Fretted Instruments,Electric Guitars,615-WJ-BK,615-WJ Nashville,"• Body: Poplar • Neck: Roasted Maple, Heel-less Bolt-on • Fingerboard: Rosewood • Number of Frets: 22",Black,$409.00,$269.00,,,aria-pro-ii_615-wj-bk_black.jpeg,/Users/lpdmusic/Documents/New project/Photos/Fretted Instruments/aria-pro-ii_615-wj-bk_black.jpeg
,18,u19313,Aria Pro II,Fretted Instruments,Electric Guitars,615-GH,615-GH Nashville,"• Body: Poplar, Rosewood Top • Neck: Roasted Maple, Heel-less Bolt-on • Fingerboard: Rosewood • Number of Frets: 22",Brown,$489.00,$299.00,,,aria-pro-ii_615-gh_brown.png,/Users/lpdmusic/Documents/New project/Photos/Fretted Instruments/aria-pro-ii_615-gh_brown.png
,19,u194e6,Aria Pro II,Fretted Instruments,Electric Guitars,615-MK2,615-MK2 Nashville,"• Body: Poplar, Flamed Maple Top • Neck: Roasted Maple, Heel-less Bolt-on • Fingerboard: Roasted Maple • Number of Frets: 22","Ruby Red, Turquoise Blue, Marble White",$439.00,$289.00,,,aria-pro-ii_615-mk2_turquoise-blue.png,/Users/lpdmusic/Documents/New project/Photos/Fretted Instruments/aria-pro-ii_615-mk2_turquoise-blue.png
,19,u19473,Aria Pro II,Fretted Instruments,Electric Guitars,718MKII-OPWH,718-MK2 Brooklyn,"• Body: Mahogany • Neck: Roasted Maple, Set-Neck • Fingerboard: Rosewood • Number of Frets: 22",Black & White,$499.00,$349.00,,,aria-pro-ii_718mkii-opwh_black.png,/Users/lpdmusic/Documents/New project/Photos/Fretted Instruments/aria-pro-ii_718mkii-opwh_black.png
,19,u1948a,Aria Pro II,Fretted Instruments,Electric Guitars,212-MK2,212-MK2-Bowery,"• Body: Mahogany • Neck: Mahogany, Heel-Less Joint • Fingerboard: Rosewood • Number of Frets: 22",Black & Phantom Blue,$699.00,$459.00,,,aria-pro-ii_212-mk2_black.png,/Users/lpdmusic/Documents/New project/Photos/Fretted Instruments/aria-pro-ii_212-mk2_black.png
,19,u194a1,Aria Pro II,Fretted Instruments,Electric Guitars,J-B’ TONE,J-B’TONE Baritone,"• Body: Poplar • Neck: Maple, Heel-less Bolt-on • Fingerboard: Rosewood • Number of Frets: 21",Black & Sunburst,$419.00,$259.00,,,aria-pro-ii_j-b-tone_black.png,/Users/lpdmusic/Documents/New project/Photos/Fretted Instruments/aria-pro-ii_j-b-tone_black.png
,20,u19664,Aria Pro II,Fretted Instruments,Bass Guitars,stb-PB,STB-PB,"• Body: Basswood • Neck: Maple, Bolt-on • Scale Length: 864mm (34 inches) • Number of Frets: 21","3 Tone Sunburst, Black, and White",$299.00,$189.00,,,aria-pro-ii_stb-pb_3-tone-sunburst.jpg,/Users/lpdmusic/Documents/New project/Photos/Fretted Instruments/aria-pro-ii_stb-pb_3-tone-sunburst.jpg
,20,u196d8,Aria Pro II,Fretted Instruments,Bass Guitars,STB-PBB-WH,STB-PB/B,"• Body: Basswood • Neck: Maple, Bolt-on • Fingerboard: Rosewood • Number of Frets: 21","White w/Rosewood, White w/Maple",$299.00,$189.00,,,aria-pro-ii_stb-pbb-wh_white-w-rosewood.jpeg,/Users/lpdmusic/Documents/New project/Photos/Fretted Instruments/aria-pro-ii_stb-pbb-wh_white-w-rosewood.jpeg
,20,u196ef,Aria Pro II,Fretted Instruments,Bass Guitars,STB-JB,STB-JB,"• Body: Basswood • Neck: Maple, Bolt-on • Fingerboard: Rosewood • Number of Frets: 21","Black, 3 Tone Sunburst, White",$299.00,$189.00,,,aria-pro-ii_stb-jb_black.jpeg,/Users/lpdmusic/Documents/New project/Photos/Fretted Instruments/aria-pro-ii_stb-jb_black.jpeg
,20,u196a9,Aria Pro II,Fretted Instruments,Bass Guitars,stb-jb/tt,STB-JB/TT,"• Body: Basswood • Neck: Maple, Bolt-on • Fingerboard: Stained Walnut • Number of Frets: 21",Black & Sunburst,$299.00,$189.00,,,aria-pro-ii_stb-jb-tt_black.jpg,/Users/lpdmusic/Documents/New project/Photos/Fretted Instruments/aria-pro-ii_stb-jb-tt_black.jpg
,20,u19846,Aria Pro II,Fretted Instruments,Bass Guitars,stb-jb/b,STB-JB/B,"• Body: Basswood • Neck: Maple, Bolt-on • Fingerboard: Stained Walnut • Number of Frets: 21",White,$299.00,$189.00,,,aria-pro-ii_stb-jb-b_white.jpeg,/Users/lpdmusic/Documents/New project/Photos/Fretted Instruments/aria-pro-ii_stb-jb-b_white.jpeg
,20,u19867,Aria Pro II,Fretted Instruments,Bass Guitars,J-B,J-B,"• Body: Poplar • Neck: Maple, Bolt-on • Number of Frets: 22","See-Through Vintage White, Black, 3 Tone Sunburst",$369.00,$229.00,,,aria-pro-ii_j-b_svw-see-through-vintage-white.jpeg,/Users/lpdmusic/Documents/New project/Photos/Fretted Instruments/aria-pro-ii_j-b_svw-see-through-vintage-white.jpeg
,21,u19894,Aria Pro II,Fretted Instruments,Bass Guitars,igb-std,IGB-STD,"• Body: Basswood, Carved Top • Neck: Maple 3P, Bolt-on • Fingerboard: Stained Walnut • Frets: 24F • Scale: 864 mm","Metallic Black, Metallic Red Shade",$369.00,$229.00,,,aria-pro-ii_igb-std_metallic-black.jpg,/Users/lpdmusic/Documents/New project/Photos/Fretted Instruments/aria-pro-ii_igb-std_metallic-black.jpg
,21,u19995,Aria Pro II,Fretted Instruments,Bass Guitars,igb-std/5-MBK,IGB-STD 5 String,"• Body: Basswood, Carved Top • Neck: Maple 3P, Bolt-on • Fingerboard: Stained Walnut • Frets: 24F • Scale: 864 mm",Metallic Black,$399.00,$269.00,,,aria-pro-ii_igb-std-5-mbk_metallic-black.png,/Users/lpdmusic/Documents/New project/Photos/Fretted Instruments/aria-pro-ii_igb-std-5-mbk_metallic-black.png
,21,u1991e,Aria Pro II,Fretted Instruments,Bass Guitars,RSB-618/4,RSB618/4,"• Body: Basswood • Neck: Maple, Bolt-on • Fingerboard: Maple • Frets: 24F",Black & White,$429.00,$269.00,,,aria-pro-ii_rsb-618-4_black.jpeg,/Users/lpdmusic/Documents/New project/Photos/Fretted Instruments/aria-pro-ii_rsb-618-4_black.jpeg
,21,u198ab,Aria Pro II,Fretted Instruments,Bass Guitars,DMB-206,DMB-206,• Body: Basswood • Neck: Maple • Fingerboard: Rosewood • Number of Frets: 20,"Black, Vintage White, 3 Tone Sunburst",$499.00,$324.00,,,aria-pro-ii_dmb-206_black.png,/Users/lpdmusic/Documents/New project/Photos/Fretted Instruments/aria-pro-ii_dmb-206_black.png
,21,u198c2,Aria Pro II,Fretted Instruments,Bass Guitars,313-MK2,313 MKII Detroit,"• Body: Ash • Neck: Roasted Maple, Heel-less Bolt-on • Fingerboard: Rosewood • Number of Frets: 24","Sunburst, Natural",$509.00,$339.00,,,aria-pro-ii_313-mk2_sunburst.jpg,/Users/lpdmusic/Documents/New project/Photos/Fretted Instruments/aria-pro-ii_313-mk2_sunburst.jpg
,21,u198d9,Aria Pro II,Fretted Instruments,Bass Guitars,313-MKii/5,313 MKII/5 Detroit,"• Body: Ash • Neck: Roasted Maple, Heel-less Bolt-on • Fingerboard: Rosewood • Number of Frets: 24","Sunburst, Natural",$519.00,$355.00,,,aria-pro-ii_313-mkii-5_sunburst.jpeg,/Users/lpdmusic/Documents/New project/Photos/Fretted Instruments/aria-pro-ii_313-mkii-5_sunburst.jpeg
,22,u199f8,Aria Pro II,Fretted Instruments,Bass Guitars,313-BB-Detroit,313-BB Detroit,"• Body: Ash • Neck: Roasted Maple, Bolt-on • Fingerboard: Rosewood • Number of Frets: 24 • Scale Length: 864mm",Bourbon Barrel,$559.00,$365.00,,,aria-pro-ii_313-bb-detroit_bourbon-barrel.png,/Users/lpdmusic/Documents/New project/Photos/Fretted Instruments/aria-pro-ii_313-bb-detroit_bourbon-barrel.png
,22,u19ae0,Aria Pro II,Fretted Instruments,Bass Guitars,313-BB/5-Detroit,313-BB Detroit 5 String,"• Body: Ash • Neck: Roasted Maple, Bolt-on • Fingerboard: Rosewood • Number of Frets: 24 • Scale Length: 864mm",Bourbon Barrel,$579.00,$379.00,,,aria-pro-ii_313-bb-5-detroit_bourbon-barrel.png,/Users/lpdmusic/Documents/New project/Photos/Fretted Instruments/aria-pro-ii_313-bb-5-detroit_bourbon-barrel.png
,22,u19a82,Aria Pro II,Fretted Instruments,Bass Guitars,313-JP-Detroit (Fretless),313 JP,"• Body: Ash • Neck: Roasted Maple, Bolt-on • Fingerboard: Rosewood • Number of Frets: 24 (Fretless)",Sunburst,$509.00,$339.00,,,aria-pro-ii_313-jp-detroit-fretless_sunburst.jpeg,/Users/lpdmusic/Documents/New project/Photos/Fretted Instruments/aria-pro-ii_313-jp-detroit-fretless_sunburst.jpeg
,22,u19a26,Aria Pro II,Fretted Instruments,Bass Guitars,SB-ONE,SB-ONE,"• Body: Indonesian Mahogany • Neck: Maple/Walnut 5 ply, Bolt-on • Fingerboard: Rosewood • Number of Frets: 24","Black, Candy Apple Red, Silver",$699.00,$449.00,,,aria-pro-ii_sb-one_black.jpg,/Users/lpdmusic/Documents/New project/Photos/Fretted Instruments/aria-pro-ii_sb-one_black.jpg
,22,u19a3d,Aria Pro II,Fretted Instruments,Bass Guitars,SB-700,SB-700,• Body: Ashwood • Neck: Maple/Walnut 7ply • Fingerboard: Rosewood • Number of Frets: 24,"Oak, Walnut, Padauk Red",$1399.00,$849.00,,,aria-pro-ii_sb-700_gold-wing.png,/Users/lpdmusic/Documents/New project/Photos/Fretted Instruments/aria-pro-ii_sb-700_gold-wing.png
,22,u19a3d,Aria Pro II,Fretted Instruments,Bass Guitars,SB-700,SB-700 Gold Wing,• Body: Ashwood • Neck: Maple/Walnut 7ply • Fingerboard: Rosewood • Number of Frets: 24,"Oak, Walnut, Padauk Red",$1399.00,$849.00,,,aria-pro-ii_sb-700_gold-wing.png,/Users/lpdmusic/Documents/New project/Photos/Fretted Instruments/aria-pro-ii_sb-700_gold-wing.png
,23,u19b3e,Pignose,Fretted Instruments,Electric Guitars,PGG-200,PGG-200,• Body: Basswood • Neck: Maple Bolt-on • Fingerboard: Rosewood • Frets: 22,"Brown Sunburst, Black, Candy Apple Red, & Metallic Blue",$339.95,$224.95,,,pignose_pgg-200_brown-sunburst.png,/Users/lpdmusic/Documents/New project/Photos/Fretted Instruments/pignose_pgg-200_brown-sunburst.png
,23,u19bb1,Pignose,Fretted Instruments,Electric Guitars,PGG-200PL,PGG-200PL,• Body: Basswood • Neck: Maple Bolt-on • Fingerboard: Rosewood • Frets: 22,"Pink Paisley, Blue Paisley, Black Paisley",$399.95,$259.95,,,pignose_pgg-200pl_pink-paisley.png,/Users/lpdmusic/Documents/New project/Photos/Fretted Instruments/pignose_pgg-200pl_pink-paisley.png
,23,u19bc8,Pignose,Fretted Instruments,Electric Guitars,PGG-259,PGG-259,• Body: Basswood • Neck: Maple Bolt-on • Fingerboard: Rosewood • Frets: 22,Black and White,$359.95,$239.95,,,pignose_pgg-259_black.png,/Users/lpdmusic/Documents/New project/Photos/Fretted Instruments/pignose_pgg-259_black.png
,23,u19b55,Pignose,Fretted Instruments,Electric Guitars,PGG-200V,PGG-200V,"• Body: Mahogany • Neck: Mahogany, Bolt-on • Fingerboard: Rosewood • Frets: 22",Brown Sunburst,$499.00,$259.95,,,pignose_pgg-200v_brown-sunburst.png,/Users/lpdmusic/Documents/New project/Photos/Fretted Instruments/pignose_pgg-200v_brown-sunburst.png
,23,u19b6c,Pignose,Fretted Instruments,Bass Guitars,PGB-200,PGB-200,"• Body: Basswood • Neck: Maple, Bolt-on • Fingerboard: Rosewood • Frets: 22",Brown Sunburst,$359.95,$239.95,,,pignose_pgb-200_brown-sunburst.png,/Users/lpdmusic/Documents/New project/Photos/Fretted Instruments/pignose_pgb-200_brown-sunburst.png
,30,u1a572,Bamboo,Fretted Instruments,Ukuleles,U23-vio-bk,Black Violin Concert,• Top: Sapele • Back and size: Sapele • Fingerboard: Walnut • Nut & Saddle: Ox Bone • Gig Bag,,$69.00,$45.19,,,bamboo_u23-vio-bk-q_default.png,/Users/lpdmusic/Documents/New project/Photos/Fretted Instruments/bamboo_u23-vio-bk-q_default.png
,30,u1a62a,Bamboo,Fretted Instruments,Ukuleles,U23-vio-bk-Q,Black Violin Concert EQ,• Top: Sapele • Back and size: Sapele • Fingerboard: Walnut • Nut & Saddle: Ox Bone • Gig Bag,,$109.00,$70.49,,,bamboo_u23-vio-bk-q_default.png,/Users/lpdmusic/Documents/New project/Photos/Fretted Instruments/bamboo_u23-vio-bk-q_default.png
,28,u1a311,Bamboo,Fretted Instruments,Ukuleles,u23-LATIN,Latin Concert,• Top: Sapele • Back and size: Sapele • Fingerboard: Walnut • Nut & Saddle: Ox Bone • Gig Bag,,$99.00,$59.99,,,bamboo_u23-latin_default.jpg,/Users/lpdmusic/Documents/New project/Photos/Fretted Instruments/bamboo_u23-latin_default.jpg
,29,u1a409,Bamboo,Fretted Instruments,Ukuleles,U23-Passion,Passion Concert,• Top: Sapele • Back and size: Sapele • Fingerboard: Walnut • Nut & Saddle: Ox Bone • Gig Bag,,$99.00,$59.99,,,bamboo_u23-passion_default.png,/Users/lpdmusic/Documents/New project/Photos/Fretted Instruments/bamboo_u23-passion_default.png
,30,u1a544,Bamboo,Fretted Instruments,Ukuleles,u23-vio-sb,Sunburt Violin Concert,• Top: Linden • Back and size: Linden • Fingerboard: Walnut • Nut & Saddle: Ox Bone • Gig Bag,,$104.00,$59.99,,,bamboo_u23-vio-sb-q_default.png,/Users/lpdmusic/Documents/New project/Photos/Fretted Instruments/bamboo_u23-vio-sb-q_default.png
,30,u1a60d,Bamboo,Fretted Instruments,Ukuleles,u23-vio-sb-Q,SB Violin Concert EQ,• Top: Linden • Back and size: Linden • Fingerboard: Walnut • Nut & Saddle: Ox Bone • Gig Bag,,$109.00,$70.49,,,bamboo_u23-vio-sb-q_default.png,/Users/lpdmusic/Documents/New project/Photos/Fretted Instruments/bamboo_u23-vio-sb-q_default.png
,27,u1a1d4,Bamboo,Fretted Instruments,Ukuleles,u23-Rock&Roses,Rock & Roses Concert,• Top: Spruce • Back and size: Mahogany • Fingerboard: Walnut • Nut & Saddle: Ox Bone • Gig Bag,,$129.00,$69.99,,,bamboo_u23-rock-and-roses_default.jpeg,/Users/lpdmusic/Documents/New project/Photos/Fretted Instruments/bamboo_u23-rock-and-roses_default.jpeg
,27,u1a231,Bamboo,Fretted Instruments,Ukuleles,U23-FAIRY,The Fairy Concert,• Top: Okume • Back and size: Okume • Fingerboard: Walnut • Nut & Saddle: Ox Bone • Gig Bag,,$139.00,$84.99,,,bamboo_u23-fairy_default.png,/Users/lpdmusic/Documents/New project/Photos/Fretted Instruments/bamboo_u23-fairy_default.png
,30,u1a5cf,Bamboo,Fretted Instruments,Ukuleles,u26-nt,Natural Classic Tenor,• Top: Spruce • Back and size: Sapele • Fingerboard: Walnut • Nut & Saddle: Ox Bone • Gig Bag,,$115.00,$69.00,,,bamboo_u26-ntq_default.png,/Users/lpdmusic/Documents/New project/Photos/Fretted Instruments/bamboo_u26-ntq_default.png
,29,u1a3da,Bamboo,Fretted Instruments,Ukuleles,u26-ntq,Natural Classic Tenor EQ,• Top: Spruce • Back and size: Sapele • Fingerboard: Walnut • Nut & Saddle: Ox Bone • Gig Bag,,$149.00,$89.99,,,bamboo_u26-ntq_default.png,/Users/lpdmusic/Documents/New project/Photos/Fretted Instruments/bamboo_u26-ntq_default.png
,29,u1a4b3,Bamboo,Fretted Instruments,Ukuleles,U-30-sapele-Q,Sapele Baritone,• Top: Sapele • Back and size: Sapele • Fingerboard: Walnut • Nut & Saddle: Ox Bone • Gig Bag,,$159.00,$99.95,,,bamboo_u-30-sapele-q_default.png,/Users/lpdmusic/Documents/New project/Photos/Fretted Instruments/bamboo_u-30-sapele-q_default.png
,31,u1a65d,Bamboo,Fretted Instruments,Acoustic Guitars,guitarlele,Guitarele Sapele,• Top: Mahogany • Back and size: Mahogany • Fingerboard: Walnut • Nut & Saddle: Ox Bone • Gig Bag,,$169.00,$94.99,,,bamboo_guitarlele_default.png,/Users/lpdmusic/Documents/New project/Photos/Fretted Instruments/bamboo_guitarlele_default.png
,31,u1a68c,Bamboo,Fretted Instruments,Acoustic Guitars,gc36-feline,Feline Travel Guitar,• Top: Linden • Back and size: Linden • Fingerboard: Walnut • Nut & Saddle: Ox Bone • Gig Bag,,$159.00,$99.99,,,bamboo_gc36-feline_default.png,/Users/lpdmusic/Documents/New project/Photos/Fretted Instruments/bamboo_gc36-feline_default.png
,32,u1a8b4,Bamboo,Fretted Instruments,Acoustic Guitars,gc39-pro-slim-q,Slim Guitar Fishman,• Top: Linden • Back and size: Linden • Fingerboard: Walnut • Nut & Saddle: Ox Bone • Gig Bag,,$329.00,$199.99,,,bamboo_gc39-pro-slim-q_default.png,/Users/lpdmusic/Documents/New project/Photos/Fretted Instruments/bamboo_gc39-pro-slim-q_default.png
,32,u1a8e3,Bamboo,Fretted Instruments,Acoustic Guitars,gc36-caramelle,Caramelle Acoustic,• Top: Linden • Back and size: Linden • Fingerboard: Walnut • Nut & Saddle: Ox Bone • Gig Bag,,$159.00,$99.99,,,bamboo_gc36-caramelle_default.png,/Users/lpdmusic/Documents/New project/Photos/Fretted Instruments/bamboo_gc36-caramelle_default.png
,31,u1a6ba,Bamboo,Fretted Instruments,Acoustic Guitars,GA38-Rockandroses,R&R Acoustic EQ,• Top: Spruce • Back and size: Sapele • Fingerboard: Walnut • Nut & Saddle: Ox Bone • Gig Bag,,$249.00,$159.99,,,bamboo_ga38-rockandroses_default.png,/Users/lpdmusic/Documents/New project/Photos/Fretted Instruments/bamboo_ga38-rockandroses_default.png
,,,Twisted Wood,Fretted Instruments,Ukuleles,RR-200C,Rock Roots Concert Ukulele,Solid Mahogany,,229.99,143.99,,,twisted-wood_rr-200t_default.png,/Users/lpdmusic/Documents/New project/Photos/Fretted Instruments/twisted-wood_rr-200t_default.png
,,,Twisted Wood,Fretted Instruments,Ukuleles,RR-200T,Rock Roots Tenor Ukulele,Solid Mahogany,,259.99,162.99,,,twisted-wood_rr-200t_default.png,/Users/lpdmusic/Documents/New project/Photos/Fretted Instruments/twisted-wood_rr-200t_default.png
,,,Twisted Wood,Fretted Instruments,Ukuleles,KO-1000C,KO-1000 Concert Ukulele,Solid Acacia,,459.99,287.99,,,twisted-wood_ko-1000t_default.png,/Users/lpdmusic/Documents/New project/Photos/Fretted Instruments/twisted-wood_ko-1000t_default.png
,,,Twisted Wood,Fretted Instruments,Ukuleles,KO-1000T,KO-1000 Tenor Ukulele,Solid Acacia,,314.99,269.99,,,twisted-wood_ko-1000t_default.png,/Users/lpdmusic/Documents/New project/Photos/Fretted Instruments/twisted-wood_ko-1000t_default.png
,,,Twisted Wood,Fretted Instruments,Ukuleles,EM-0600C,Ember Concert Ukulele,Solid Mahogany Top,,229.99,143.99,,,twisted-wood_em-0600t_default.png,/Users/lpdmusic/Documents/New project/Photos/Fretted Instruments/twisted-wood_em-0600t_default.png
,,,Twisted Wood,Fretted Instruments,Ukuleles,EM-0600T,Ember Tenor Ukulele,Solid Mahogany Top,,259.99,162.99,,,twisted-wood_em-0600t_default.png,/Users/lpdmusic/Documents/New project/Photos/Fretted Instruments/twisted-wood_em-0600t_default.png
,,,Twisted Wood,Fretted Instruments,Ukuleles,PI-100S,Pioneer Soprano Ukulele,Laminate Sapele,,109.99,68.99,,,twisted-wood_pi-100t_default.png,/Users/lpdmusic/Documents/New project/Photos/Fretted Instruments/twisted-wood_pi-100t_default.png
,,,Twisted Wood,Fretted Instruments,Ukuleles,PI-100C,Pioneer Concert Ukulele,Laminate Sapele,,119.99,74.99,,,twisted-wood_pi-100t_default.png,/Users/lpdmusic/Documents/New project/Photos/Fretted Instruments/twisted-wood_pi-100t_default.png
,,,Twisted Wood,Fretted Instruments,Ukuleles,PI-100T,Pioneer Tenor Ukulele,Laminate Sapele,,121.99,81.99,,,twisted-wood_pi-100t_default.png,/Users/lpdmusic/Documents/New project/Photos/Fretted Instruments/twisted-wood_pi-100t_default.png
,,,Twisted Wood,Fretted Instruments,Ukuleles,RF-130S,Redford Soprano Ukulele,"Laminate Mahogany, Red",,119.99,74.99,,,twisted-wood_rf-130t_default.png,/Users/lpdmusic/Documents/New project/Photos/Fretted Instruments/twisted-wood_rf-130t_default.png
,,,Twisted Wood,Fretted Instruments,Ukuleles,RF-130C,Redford Concert Ukulele,"Laminate Mahogany, Red",,127.99,79.99,,,twisted-wood_rf-130t_default.png,/Users/lpdmusic/Documents/New project/Photos/Fretted Instruments/twisted-wood_rf-130t_default.png
,,,Twisted Wood,Fretted Instruments,Ukuleles,RF-130T,Redford Tenor Ukulele,"Laminate Mahogany, Red",,135.99,84.99,,,twisted-wood_rf-130t_default.png,/Users/lpdmusic/Documents/New project/Photos/Fretted Instruments/twisted-wood_rf-130t_default.png
,,,Twisted Wood,Fretted Instruments,Ukuleles,BL-150S,Bluford Soprano Ukulele,"Laminate Mahogany, Blue",,119.99,74.99,,,twisted-wood_bl-150t_default.png,/Users/lpdmusic/Documents/New project/Photos/Fretted Instruments/twisted-wood_bl-150t_default.png
,,,Twisted Wood,Fretted Instruments,Ukuleles,BL-150C,Bluford Concert Ukulele,"Laminate Mahogany, Blue",,129.99,81.99,,,twisted-wood_bl-150t_default.png,/Users/lpdmusic/Documents/New project/Photos/Fretted Instruments/twisted-wood_bl-150t_default.png
,,,Twisted Wood,Fretted Instruments,Ukuleles,BL-150T,Bluford Tenor Ukulele,"Laminate Mahogany, Blue",,139.99,87.99,,,twisted-wood_bl-150t_default.png,/Users/lpdmusic/Documents/New project/Photos/Fretted Instruments/twisted-wood_bl-150t_default.png
,,,Twisted Wood,Fretted Instruments,Ukuleles,TO-100S,Twisted Original Soprano Ukulele,Laminate Mahogany,,129.99,81.99,,,twisted-wood_to-100t_default.png,/Users/lpdmusic/Documents/New project/Photos/Fretted Instruments/twisted-wood_to-100t_default.png
,,,Twisted Wood,Fretted Instruments,Ukuleles,TO-100C,Twisted Original Concert Ukulele,Laminate Mahogany,,139.99,87.99,,,twisted-wood_to-100t_default.png,/Users/lpdmusic/Documents/New project/Photos/Fretted Instruments/twisted-wood_to-100t_default.png
,,,Twisted Wood,Fretted Instruments,Ukuleles,TO-100T,Twisted Original Tenor Ukulele,Laminate Mahogany,,149.99,93.99,,,twisted-wood_to-100t_default.png,/Users/lpdmusic/Documents/New project/Photos/Fretted Instruments/twisted-wood_to-100t_default.png
,,,Twisted Wood,Fretted Instruments,Ukuleles,AR-800S,Aurora Soprano Ukulele,Laminate Koa,,169.99,106.99,,,twisted-wood_ar-800t_default.png,/Users/lpdmusic/Documents/New project/Photos/Fretted Instruments/twisted-wood_ar-800t_default.png
,,,Twisted Wood,Fretted Instruments,Ukuleles,AR-800C,Aurora Concert Ukulele,Laminate Koa,,179.99,112.99,,,twisted-wood_ar-800t_default.png,/Users/lpdmusic/Documents/New project/Photos/Fretted Instruments/twisted-wood_ar-800t_default.png
,,,Twisted Wood,Fretted Instruments,Ukuleles,AR-800T,Aurora Tenor Ukulele,Laminate Koa,,189.99,118.99,,,twisted-wood_ar-800t_default.png,/Users/lpdmusic/Documents/New project/Photos/Fretted Instruments/twisted-wood_ar-800t_default.png
,,,Twisted Wood,Fretted Instruments,Ukuleles,SE-900C,Sierra Concert Ukulele,"Cedar Top, Laminate Koa",,239.99,149.99,,,twisted-wood_se-900t_default.png,/Users/lpdmusic/Documents/New project/Photos/Fretted Instruments/twisted-wood_se-900t_default.png
,,,Twisted Wood,Fretted Instruments,Ukuleles,SE-900T,Sierra Tenor Ukulele,"Cedar Top, Laminate Koa",,269.99,168.99,,,twisted-wood_se-900t_default.png,/Users/lpdmusic/Documents/New project/Photos/Fretted Instruments/twisted-wood_se-900t_default.png
,,,Twisted Wood,Fretted Instruments,Ukuleles,SW-700C,Switchback Concert Ukulele,Solid Acacia Top,,259.99,162.99,,,twisted-wood_sw-700t_default.png,/Users/lpdmusic/Documents/New project/Photos/Fretted Instruments/twisted-wood_sw-700t_default.png
,,,Twisted Wood,Fretted Instruments,Ukuleles,SW-700T,Switchback Tenor Ukulele,Solid Acacia Top,,279.99,174.99,,,twisted-wood_sw-700t_default.png,/Users/lpdmusic/Documents/New project/Photos/Fretted Instruments/twisted-wood_sw-700t_default.png
,36,u1ba9f,Don Jose,Fretted Instruments,Folk Instruments,DJ-C700-NT,Puerto Rican Cuatro,,,299.99,134.99,,,don-jose_dj-c700eq-nt_default.png,/Users/lpdmusic/Documents/New project/Photos/Fretted Instruments/don-jose_dj-c700eq-nt_default.png
,36,u1ba9f,Don Jose,Fretted Instruments,Folk Instruments,DJ-C700EQ-NT,Puerto Rican Cuatro EQ,,,$369.99,$167.99,,,don-jose_dj-c700eq-nt_default.png,/Users/lpdmusic/Documents/New project/Photos/Fretted Instruments/don-jose_dj-c700eq-nt_default.png
,36,u1bab7,Cascha,Fretted Instruments,Classical & Student Instruments,HH2078,Guitar w/ Bag & Picks,• Top: Laminated spruce • 4/4 Set • Back & Sides: Sapeli • Bridge & Fingerboard: Kabukalli • Includes: 3 picks and Padded Guitar Bag,,$215.00,$134.99,,,cascha_hh2078_default.png,/Users/lpdmusic/Documents/New project/Photos/Fretted Instruments/cascha_hh2078_default.png
,36,u1bace,Flinthill,Fretted Instruments,Banjos,FHB-55,5 String Banjo,• Standard 11-inch composite rim • Pearloid peghead overlay • 16 P-44 flat hook-and-nuts • Traditional P-115 No Knot tailpiece,,$595.00,$259.00,,,flinthill_fhb-55_default.png,/Users/lpdmusic/Documents/New project/Photos/Fretted Instruments/flinthill_fhb-55_default.png
,36,u1bae5,Applecreek,Fretted Instruments,Dulcimers,ACD100K,Standard Dulcimer & Case,• Length: 37” • Depth: 2” • Upper Bout: 13.25”,,$254.95,$119.95,,,applecreek_acd100k_default.jpg,/Users/lpdmusic/Documents/New project/Photos/Fretted Instruments/applecreek_acd100k_default.jpg
,36,u1bafc,Applecreek,Fretted Instruments,Dulcimers,ACD150K,Deluxe Spruce Dulcimer & Case,• Length: 37” • Depth: 2” • Upper Bout: 13.25”,,$389.95,$183.28,,,applecreek_acd150k_default.png,/Users/lpdmusic/Documents/New project/Photos/Fretted Instruments/applecreek_acd150k_default.png
,36,u1bb13,Applecreek,Fretted Instruments,Dulcimers,ACD200K,Solid Cherry Dulcimer & Case,• Length: 37” • Depth: 2” • Upper Bout: 13.25”,,479.95,225.98,,,applecreek_acd200k_default.jpg,/Users/lpdmusic/Documents/New project/Photos/Fretted Instruments/applecreek_acd200k_default.jpg