SKU,Brand,Product Name,Section,Category,MAP,LIST,NET,NET 4+,NET 5+,NET 6+,NET 10+,NET 12+,NET 20+,NET 24+,NET 36+,Image Match Type,Finish Count,Variant Count,Description,Notes
D56U2-BLK,Danelectro,‘56 U2,Fretted Instruments,Electric Guitars,569,,398.3,,,,,,,,,csv-import,1,0,• Single Cutaway Body Design • Rosewood Fretboard • ‘56 Lipstick Single Coil Pickups • 3-Way Pickup Switch • Adjustable Saddle Bridge • Volume and Tone Control,Black
D57,Danelectro,‘57,Fretted Instruments,Electric Guitars,599,,419.3,,,,,,,,,csv-import,2,0,• Single Cutaway Body Design • Rosewood Fretboard • ‘56 Lipstick Single Coil Pickups • 3-Way Pickup Switch • Adjustable Saddle Bridge • Volume and Tone Controls,"Limo Black, Jade"
STOCK 59,Danelectro,Stock ‘59,Fretted Instruments,Electric Guitars,459,,344.25,,,,,,,,,csv-import,5,0,• Double cutaway • 2 Lipstick Pickups • Master Volume & Tone Controls • Original swivel bridge • Natural maple neck with lacquer finish,"Black, Cream, Red, Aqua, Vintage Aqua"
D59M-PLUS,Danelectro,‘59M NOS+,Fretted Instruments,Electric Guitars,529,,370.3,,,,,,,,,csv-import,7,0,• Shorthorn shape • Scale length: 25” • Number of frets: 21 • Fully adjustable wraparound bridge • 2 NOS+ lipstick® pickups • 2 stacked tone & volume controls • 3 way pickup selector,"Keen Green, Ice Grey, Red, Seafoam, Copper, Go Go Blue, Orange, Baby Blue, White, Black"
D59M-PLUS-MF,Danelectro,59M NOS+ Metalflake,Fretted Instruments,Electric Guitars,569,,398.3,,,,,,,,,csv-import,4,0,• Scale length: 25” • Number of frets: 21 • Fully adjustable wraparound bridge • 2 NOS+ lipstick ® pickups • 2 stacked tone & volume controls • 3 way pickup selector,"Blue Metalflake, Silver Metalflake, Orange Metalflake, Black Metalflake, and Red Metalflake"
D59M-PLUS-LFT,Danelectro,‘59M NOS+ Lefty,Fretted Instruments,Electric Guitars,569,,398.3,,,,,,,,,csv-import,2,0,• Scale length: 25” • Number of frets: 21 • Coke bottle headstock • Rosewood saddle bridge • 2 NOS+ Lipstick ® pickups • 2 stacked tone & volume controls • 3 way pickup selector,"Black, Seafoam Green"
TRIPLE DIVINE,Danelectro,Triple Divine,Fretted Instruments,Electric Guitars,799,,559,,,,,,,,,csv-import,2,0,• Scale length: 25” • Number of frets: 21 • U3 intonatable saddled bridge • 2 stacked Volume and Tone pots • CRL ® 5-way pickup switch,Red & Burgundy
D59DIVINE,Danelectro,59 Divine,Fretted Instruments,Electric Guitars,699,,489.3,,,,,,,,,csv-import,3,0,• Scale length: 25” • Number of frets: 21 • Fully adjustable wraparound bridge • 2 NOS+ lipstick ® pickups • 2 stacked tone & volume controls • 3 way pickup selector,"Dark Walnut, Flame Maple, Fresh Cream"
BO59-MF,Danelectro,Blackout ‘59,Fretted Instruments,Electric Guitars,569,,398.3,,,,,,,,,csv-import,2,0,• Scale length: 25” • Number of frets: 21 • Fully adjustable wraparound bridge • 2 NOS+ lipstick ® pickups • 2 stacked tone & volume controls • 3 way pickup selector • Black pick guards and black side tape,"Purple Metalflake, Black Metalflake"
59XT,Danelectro,‘59XT,Fretted Instruments,Electric Guitars,599,,449.25,,,,,,,,,csv-import,5,0,• Number of frets: 21 • High output single coil in neck • Lipstick ® Humbucker pair in bridge • 2 stacked tone & volume controls • 3-way pickup selector • Wilkinson tremolo,"Dark Aqua, Black, Silver, Dark Burgundy & Vintage Cream"
D59R,Danelectro,Fifty Niner,Fretted Instruments,Electric Guitars,569,,398.3,,,,,,,,,csv-import,3,0,• Scale length: 25” • Number of frets: 21 • Neck finish: clear satin • ’ 56 Lipstick ® neck pickup • Piezo pickup mounted in cone • 1 master volume • 1 master tone • 1 blend pot,"Gold, Jade, & Red"
BO59-GRN,Danelectro,Blackout ‘59,Fretted Instruments,Electric Guitars,529,,370.3,,,,,,,,,csv-import,1,0,• Scale length: 25” • Number of frets: 21 • Fully adjustable wraparound bridge • 2 NOS+ lipstick ® pickups • 2 stacked tone & volume controls • 3 way pickup selector • Black pick guards and black side tape,Green Metalflake
DPBS,Danelectro,PB Special,Fretted Instruments,Electric Guitars,529,,370.3,,,,,,,,,csv-import,2,0,• Body Shape: Danelectro Doublecut • Scale Length: 25” • Number of frets: 21 • 3-way toggle pickup switch,"Black, White & Copper"
64XT,Danelectro,64XT,Fretted Instruments,Electric Guitars,599,,449.25,,,,,,,,,csv-import,1,0,• Scale Length: 25” • Number of frets: 21 • Wilkinson vibrato bridge • 3-way toggle pickup switch,Aqua
D67,Danelectro,67 Dano,Fretted Instruments,Electric Guitars,599,,419.3,,,,,,,,,csv-import,4,0,• Scale length: 25” • Number of frets: 21 • Fully adjustable bridge • 2 lipstick ® pickups,"Aqua, Red, Black, Yellow"
DLHGUITAR-CPR,Danelectro,Longhorn Guitar,Fretted Instruments,Electric Guitars,569,,398.3,,,,,,,,,csv-import,1,0,• Scale length: 25” • Number of frets: 21 • 6 saddle fully adjustable bridge • 2 lipstick ® pickups • 1 master volume and 1 master tone,Copperburst
DPRO,Danelectro,Pro Semi-Hollow Electric Guitar,Fretted Instruments,Electric Guitars,529,,370.3,,,,,,,,,csv-import,1,0,"• Scale Length: 21” • Number of frets: 21 • Danelectro 50’s Single-coil • Controls: 1 X volume, 1 x tone Maroon with",Silver Glitter
CONV,Danelectro,Convertible,Fretted Instruments,Electric Guitars,599,,419.3,,,,,,,,,csv-import,3,0,• Scale length: 25” • Number of frets: 21 • ’56 Lipstick® pickup mounted in sound hole • Piezo pickup mounted inside under bridge,"Tobacco Sunburst, Black & Cream"
12SDC,Danelectro,12SDC 12 String,Fretted Instruments,Specialty Guitars,549,,384.3,,,,,,,,,csv-import,3,0,• Joint: Bolt-on • Scale length: 25” • Radius: 7.25” • Number of frets: 21 • Neck pickup: Lipstick • Bridge pickup: Lipstick • Bridge: Fully adjustable fixed bridge • Master Volume/Tone Controls,"Gloss Black, Vintage White & Aqua"
59R12ST,Danelectro,Fifty Niner 12 string,Fretted Instruments,Specialty Guitars,629,,424,,,,,,,,,csv-import,2,0,"• Semi-hollowbody • Fifty Niner 12-string Doublecut • Scale length: 25” • Number of frets: 21 • Neck Pickup: Angled Single-coil • Bridge Pickup: Dual Lipstick Humbucker • Controls: 1 x volume, 1 x tone (push/pull) • Switching: 3-way blade pickup switch",Black & Gold
D59X12,Danelectro,59x 12 String,Fretted Instruments,Specialty Guitars,599,,449.25,,,,,,,,,csv-import,5,0,• Double cutaway shorthorn shape • Scale length: 25” • Number of frets: 21 • Semi-hollow body with center block • 1 Dual Lipstick Humbucker • 1 master volume • 1 master tone,"Black, Blood Red, Vintage Cream, Ice Grey, Red Burst & Black Metal Flake"
D59RESO,Danelectro,‘59 Resonator,Fretted Instruments,Specialty Guitars,699,,524.25,,,,,,,,,csv-import,2,0,• Scale length: 25” • Number of frets: 21 • ’ 56 Lipstick ® neck pickup • Piezo pickup mounted in cone,"Black, Tobacco Sunburst"
D59V12,Danelectro,Vintage 12 String,Fretted Instruments,Specialty Guitars,599,,419.3,,,,,,,,,csv-import,4,0,• Scale length: 25” • Number of frets: 21 • Fully adjustable 12 string bridge • 2 lipstick® pickups,"Aqua, Red, Vintage White, Black"
DBN612,Danelectro,Doubleneck 6/12,Fretted Instruments,Specialty Guitars,899,,674.25,,,,,,,,,csv-import,2,0,• Scale Length: 25” • Number of frets: 21 • Fully adjustable 6 & 12 string bridge • Lipstick Single-coil,Red Crackle & White
D56VBAR,Danelectro,‘56 Vintage Baritone,Fretted Instruments,Specialty Guitars,599,,419.3,,,,,,,,,csv-import,4,0,• 29.75” scale neck • Number of frets: 24 • Fully adjustable bridge • 2 high output Lipstick ® pickups • 3 way pickup selector • “S” sound hole,"Black, Vintage White, Red, Aqua"
D56BAR,Danelectro,56 Baritone,Fretted Instruments,Specialty Guitars,549,,384.3,,,,,,,,,csv-import,3,0,• “Dolphin” headstock • 29.75” short-scale neck • Number of frets: 24 • Fully adjustable bridge • 1 master volume • 1 master tone • 3 way pickup selector,"Black, Red, Red Burst, Black Metal Flake, Silver Metal Flake"
D56BARLFTY-BLK,Danelectro,56 Baritone Lefty,Fretted Instruments,Specialty Guitars,599,,419.3,,,,,,,,,csv-import,1,0,• “Dolphin” headstock • 29.75” short-scale neck • Number of frets: 24 • Fully adjustable bridge • 3 way pickup selector,Black
LHBARI,Danelectro,Longhorn Baritone,Fretted Instruments,Specialty Guitars,569,,398.3,,,,,,,,,csv-import,2,0,• 29.72” scale length • Number of frets: 24 • 6-saddle adjustable bridge • 2 high output lipstick ® pickups,"Copperburst, Blackburst"
66BT,Danelectro,‘66 Baritone,Fretted Instruments,Electric Guitars,899,,674.25,,,,,,,,,csv-import,1,0,• Reverse double cutaway offset horn shape • Semi-hollow body with center block • Number of frets: 22 • Fully adjustable wraparound bridge,Transparent Blue
D59RBAR,Danelectro,Fifty Niner Baritone,Fretted Instruments,Specialty Guitars,629,,440.3,,,,,,,,,csv-import,2,0,• Scale Length: 25” • Number of frets: 21 • Fully adjustable wraparound bridge • 2 high output lipstick ® pickups,Black & Jade
DBSITAR,Danelectro,Baby Sitar,Fretted Instruments,Specialty Guitars,599,,449.25,,,,,,,,,csv-import,3,0,• Round body shape • “Thermometer” headstock shape • 6 strings tuned like standard guitar • Scale length: 24.75”,"Sunburst, Red Crackle, Aqua"
COSITAR,Danelectro,Coral Sitar,Fretted Instruments,Specialty Guitars,799,,559.3,,,,,,,,,csv-import,3,0,• Bolt-on neck: Maple • Pau Ferro fretboard • Number of frets: 21 • Scale: 25.5”,"Red Crackle, Black Crackle, White Crackle"
DLHBASS,Danelectro,Longhorn Bass,Fretted Instruments,Bass Guitars,569,,398.3,,,,,,,,,csv-import,2,0,• 1958 longhorn bass body shape • 29.75” short-scale neck • Number of frets: 24 • Traditional bridge with rosewood saddle • 2 stacked volume/tone control sets,"Copperburst, Black"
D56BASS-BLK,Danelectro,56 Single Cut Bass,Fretted Instruments,Bass Guitars,569,,398.3,,,,,,,,,csv-import,1,0,• Short scale length: 29.75” • Number of frets: 24 • Fully adjustable bridge • 2 lipstick ® pickups • 2 master volume • 1 master tone,Black
59SSB,Danelectro,59 DC Short Scale Bass,Fretted Instruments,Bass Guitars,579,,405.3,,,,,,,,,csv-import,3,0,• Scale length: 29.75” • Number of frets: 24 • Fully adjustable bridge • 2 High Output Lipstick ® pickups,"Copper, Cream, Black Metalflake"
D59DCBASS,Danelectro,59 DC Long Scale Bass,Fretted Instruments,Bass Guitars,599,,419.3,,,,,,,,,csv-import,2,0,• ’59 DC Shorthorn shape • Scale length: 34” • Frets: 20 • 2 stacked volume/tone controls • 3 way pickup switch,"Black, Copperburst"
59RSSB-JADE,Danelectro,Fifty Niner Bass,Fretted Instruments,Bass Guitars,599,,420,,,,,,,,,csv-import,1,0,• Number of frets: 24 • Fully adjustable bridge • Pickups: 2 x Dano 50’s • Lipstick Single Coils,Jade
59RLSB-JADE,Danelectro,Fifty Niner Bass Lefty,Fretted Instruments,Bass Guitars,599,,420,,,,,,,,,csv-import,1,0,• Number of frets: 24 • Fully adjustable bridge • Pickups: 2 x Dano 50's • Lipstick Single Coils,Jade
D58LHBLFT,Danelectro,Longhorn Bass Lefty,Fretted Instruments,Bass Guitars,629,,440.3,,,,,,,,,csv-import,1,0,• 1958 longhorn bass body shape • 29.75” short-scale neck • Number of frets: 24 • Traditional bridge with rosewood saddle • 2 stacked volume/tone control sets,Copperburst
D58LHB,Danelectro,Longhorn Semi-Hollow Bass,Fretted Instruments,Bass Guitars,599,,418.75,,,,,,,,,csv-import,4,0,• 1958 longhorn bass body shape • 29.75 short-scale neck • Number of frets: 24 • Traditional bridge with Pau Ferro saddle • 2 stacked volume/tone control sets,"Red, Jade, Moonlight Delight & White"
ARIA-151LIL,Aria,Lil’ Aria,Fretted Instruments,Acoustic Guitars,249,,149,,,,,,,,,csv-import,4,0,• Top: Spruce • Back & Side: Sapele • Neck: Mahogany,"Orange Sunburst, Tobacco Sunburst, Natural, & Black"
ARIA-131UP,Aria,Urban Player Series,Fretted Instruments,Acoustic Guitars,299,,189,,,,,,,,,csv-import,4,0,• Top: Spruce • Back & Side: Sapele • Neck: Mahogany • Frets: 20,"Red, Blue, Green, & Black"
ARIA-101UP,Aria,Urban Player Series,Fretted Instruments,Acoustic Guitars,299,,189,,,,,,,,,csv-import,3,0,• Top: Spruce • Back & Side: Sapele • Neck: Mahogany • Frets: 20,"Red, Blue, & Green"
ARIA-101DP,Aria,Delta Player Orchestra,Fretted Instruments,Acoustic Guitars,299,,189,,,,,,,,,csv-import,1,0,• Top: Spruce • Back & Side: Sapele • Neck: Mahogany • Frets: 20 • Nut Width: 43mm,Muddy Brown
ARIA-111DP,Aria,Delta Player Dreadnought,Fretted Instruments,Acoustic Guitars,299,,189,,,,,,,,,csv-import,1,0,• Top: Spruce • Back & Side: Sapele • Neck: Mahogany • Frets: 20 • Nut Width: 43mm,Muddy Brown
ARIA-111DP-L,Aria,Delta Player Dreadnought Lefty,Fretted Instruments,Acoustic Guitars,289,,184,,,,,,,,,csv-import,1,0,• Top: Spruce • Back & Side: Sapele • Neck: Mahogany • Frets: 20 • Nut Width: 43mm,Muddy Brown
ARIA-131DP,Aria,Delta Player Parlor,Fretted Instruments,Acoustic Guitars,299,,189,,,,,,,,,csv-import,1,0,• Top: Spruce • Back & Side: Sapele • Neck: Mahogany • Frets: 20 • Nut Width: 43mm,Muddy Brown
ARIA-101,Aria,Vintage 100 Orchestra,Fretted Instruments,Acoustic Guitars,279,,179,,,,,,,,,csv-import,1,0,• Top: Spruce • Back & Side: Sapele • Neck: Mahogany • Frets: 20,"Tobacco Burst, Natural, Black"
ARIA-131,Aria,Vintage 100 Parlor,Fretted Instruments,Acoustic Guitars,279,,179,,,,,,,,,csv-import,1,0,• Top: Spruce • Back & Side: Sapele • Neck: Mahogany • Frets: 20,Tobacco Burst & Natural
ARIA-111,Aria,Vintage 100 Dreadnought,Fretted Instruments,Acoustic Guitars,289,,179,,,,,,,,,csv-import,1,0,"• Top: Spruce • Back & Side: Sapele • Neck: Mahogany • Frets: 20 Natural, Tobacco Burst, Black, & Cherry Burst","Natural, Tobacco Burst, Black, & Cherry Burst"
A-35CE,Aria,Cutaway Electric,Fretted Instruments,Acoustic Guitars,399,,249,,,,,,,,,csv-import,1,0,• Top: Solid Cedar • Back & Sides: Sapele • Neck: Nato • Neck Joint: Dovetail • Number of Frets: 19,
FEB-F2M,Aria,Electro Acoustic Medium Scale,Fretted Instruments,Acoustic Guitars,579.95,,349.95,,,,,,,,,csv-import,2,0,"• Scale: 814mm (32”) • Bridge: Rosewood • Hardware: Black • 4 band equalizer, Notch, Phase & tuner",Stained Brown & Stained Black
FET-F2,Aria,Electro Acoustic Series,Fretted Instruments,Acoustic Guitars,579.95,,349.95,,,,,,,,,csv-import,1,0,• Fingerboard: Rosewood • Bridge: Rosewood • Hardware: Black • Electronics: AEQ-4 Preamp & Piezo Pickup,"Stained Brown, Stained Black"
FEB-F2/FL,Aria,Electro Acoustic Full Scale,Fretted Instruments,Acoustic Guitars,579.95,,349.95,,,,,,,,,csv-import,2,0,"• Top: Flame Nato • Back & Sides: Flame Nato • Neck: Nato • Fingerboard: Rosewood • Scale: 814mm (32”) • Bridge: Rosewood • Hardware: Black • 4 band equalizer, Notch, Phase & tuner",Stained Brown & Stained Black
STG-003,Aria Pro II,STG-003,Fretted Instruments,Electric Guitars,229,,139,,,,,,,,,csv-import,7,0,"• Body: Basswood • Neck: Maple, Bolt-on • Fingerboard: Techwood • Number of Frets: 22","Burst, Black, Red, Black/Maple Fretboard, Metal Blue, White, Green, Sonic Blue"
STG-003-LEFTY,Aria Pro II,STG-003-Lefty,Fretted Instruments,Electric Guitars,209,,127,,,,,,,,,csv-import,2,0,"• Body: Basswood • Neck: Maple, Bolt-on • Fingerboard: Techwood • Number of Frets: 22 • Scale Length: 648mm (25-1/2 inches)",3 Tone Sunburst & Black
STG-003SPL,Aria Pro II,STG-003SPL,Fretted Instruments,Electric Guitars,229,,139,,,,,,,,,csv-import,3,0,"• Body: Basswood • Neck: Maple, Bolt-on • Fingerboard: Techwood • Number of Frets: 22 • Scale Length: 648mm (25-1/2 inches) Black/Maple Fingerboard",Vintage White & 3 Tone Sunburst
STG-MINI,Aria Pro II,STG-Mini,Fretted Instruments,Electric Guitars,229,,139,,,,,,,,,csv-import,3,0,"• Body: Basswood • Neck: Maple, Bolt-on • Fingerboard: Rosewood • Number of Frets: 22",3 Tone Sunburst & Black Kawaii Pink
STG-62-VW,Aria Pro II,STG-62,Fretted Instruments,Electric Guitars,379,,249,,,,,,,,,csv-import,1,0,"• Body: Alder • Neck: Maple, Bolt-on • Fingerboard: Techwood • Number of Frets: 22",Vintage White
TEG-002M,Aria Pro II,TEG-002M,Fretted Instruments,Electric Guitars,269,,169,,,,,,,,,csv-import,5,0,"• Body: Basswood • Neck: Maple, Bolt-on • Fingerboard: Techwood • Number of Frets: 22 • Scale Length: 648mm (25-1/2 inches)","3 Tone Sunburst, Black, Ivory, Black w/ Red Tortoise Pickguard, & Candy Apple Red"
TEG-TL,Aria Pro II,TEG-TL,Fretted Instruments,Electric Guitars,419,,275,,,,,,,,,csv-import,3,0,"• Body: Okume • Neck: Maple 1 piece, Bolt-on • Fingerboard: Maple 1 piece • Number of Frets: 22 • Scale Length: 648mm (25-1/2inches)","Natural, Metallic Ice Blue, White with Tortoise Shell Pickguard"
J-1,Aria Pro II,J-1,Fretted Instruments,Electric Guitars,299,,199,,,,,,,,,csv-import,3,0,"• Body: Poplar • Neck: Maple, Bolt-on • Fingerboard: Rosewood • Number of Frets: 24 • Scale Length: 628mm (24-3/4”) • Bridge: VFT-1 Tremolo • Hardware: Chrome","Candy Apple Red, Black, See Through Vintage White"
J-2,Aria Pro II,J-2,Fretted Instruments,Electric Guitars,299,,199,,,,,,,,,csv-import,1,0,"• Body: Poplar • Neck: Maple, Bolt-on • Fingerboard: Rosewood • Number of Frets: 24",Candy Apple Red
MAC-STD,Aria Pro II,MAC-STD,Fretted Instruments,Electric Guitars,349,,229,,,,,,,,,csv-import,1,0,"• Body: Basswood, Carved • TopNeck: Maple, Bolt-On • Fingerboard: Techwood • Frets: 24FScale: 648mm","Metallic Black, Metallic Blue Shade, Metallic Red Shade"
MAC DLX,Aria Pro II,MAC-DLX,Fretted Instruments,Electric Guitars,499,,329,,,,,,,,,csv-import,2,0,• Body: Ash (Thermo Treatment) • Neck: Maple (Thermo Treatment) 3P • Fingerboard: Rosewood • Frets: 24F Scale: 648mm (25-1/2”),"Stained Black, Stained Brown"
DM206,Aria Pro II,DM-206,Fretted Instruments,Electric Guitars,499,,319,,,,,,,,,csv-import,3,0,• Body: Basswood • Neck: Maple • Fingerboard: Rosewood • Number of Frets: 21 • Scale Length: 628 mm (24-3/4″) • Pickups: AMH-1 (Mini Humbucker) • Tailpiece: Wilkinson • Hardware: Chrome,"Vintage White, 3 Tone Sunburst"
PE-350STD,Aria Pro II,PE-350STD,Fretted Instruments,Electric Guitars,419,,275,,,,,,,,,csv-import,3,0,"• Body: Basswood, Carved Top • Neck: Okoume, Heel-Less Set Neck • Fingerboard: Rosewood • Number of Frets: 22","Cherry Sunburst, Brown Sunburst, Black"
PE-350CST,Aria Pro II,PE-350CST,Fretted Instruments,Electric Guitars,489,,329,,,,,,,,,csv-import,2,0,"• Body: Basswood, Carved Top • Neck: Okoume, Heel-less Set Neck • Fingerboard: Rosewood • Frets: 22F","Aged Black, Aged White"
PE-350PG,Aria Pro II,PE-350PG,Fretted Instruments,Electric Guitars,489,,329,,,,,,,,,csv-import,1,0,"• Body: Okoume, Carved Top • Neck: Okoume, Heel-Less Set Neck • Fingerboard: Rosewood • Frets: 22F",Aged Lemon Drop
PE-350PF,Aria Pro II,PE-350PF,Fretted Instruments,Electric Guitars,489,,329,,,,,,,,,csv-import,1,0,"• Body: Okoume, Carved Top • Neck: Okoume, Heel-less Set Neck • Fingerboard: Rosewood • Frets: 22F",Aged Black
PE-590STD,Aria Pro II,PE-590STD,Fretted Instruments,Electric Guitars,499,,335,,,,,,,,,csv-import,1,0,"• Body: Okoume, Carved Top • Neck: Mahogany, Set-Neck • Fingerboard: Rosewood • Frets: 22","Stained Black, Stained Brown"
PE-590AF,Aria Pro II,PE-590AF,Fretted Instruments,Electric Guitars,499,,349,,,,,,,,,csv-import,1,0,"• Body: Okoume, Carved Top • Neck: Okoume, Heel-Less Set Neck • Fingerboard: Rosewood • Frets: 22F",Aged Cherry Sunburst
PE-F80,Aria Pro II,PE-F80,Fretted Instruments,Electric Guitars,569,,379.95,,,,,,,,,csv-import,1,0,"• Body: Okoume, Carved Top • Neck: Mahogany, Set-Neck • Fingerboard: Rosewood • Frets: 22",Black Top
714-STD-FULLERTON,Aria Pro II,714-STD Fullerton,Fretted Instruments,Electric Guitars,209,,139,,,,,,,,,csv-import,3,0,"• Body: Basswood • Neck: Maple, Bolt-on • Fingerboard: Techwood • Number of Frets: 22","3 Tone Sunburst, Black, Vintage White"
714-DG-FULLERTON,Aria Pro II,714-DG Fullerton,Fretted Instruments,Electric Guitars,409,,269,,,,,,,,,csv-import,1,0,"• Body: Poplar • Neck: Roasted Maple, Heel-less Bolt-on • Fingerboard: Rosewood • Number of Frets: 22",Black
714-JH-FULLERTON,Aria Pro II,714-JH Fullerton,Fretted Instruments,Electric Guitars,409,,269,,,,,,,,,csv-import,1,0,"• Body: Poplar, Flamed Maple Top • Neck: Roasted Maple, Heel-less Bolt-on • Fingerboard: Roasted Maple",Marble White
714-MK2,Aria Pro II,714-MK2 Fullerton,Fretted Instruments,Electric Guitars,429,,274,,,,,,,,,csv-import,3,0,"• Body: Poplar, Flamed Maple Top • Neck: Roasted Maple, Bolt-on • Fingerboard: Roasted Maple • Number of Frets: 22","Turquoise Blue, Ruby Red, Black Diamond"
615-WJ-BK,Aria Pro II,615-WJ Nashville,Fretted Instruments,Electric Guitars,409,,269,,,,,,,,,csv-import,1,0,"• Body: Poplar • Neck: Roasted Maple, Heel-less Bolt-on • Fingerboard: Rosewood • Number of Frets: 22",Black
615-GH,Aria Pro II,615-GH Nashville,Fretted Instruments,Electric Guitars,489,,299,,,,,,,,,csv-import,1,0,"• Body: Poplar, Rosewood Top • Neck: Roasted Maple, Heel-less Bolt-on • Fingerboard: Rosewood • Number of Frets: 22",Brown
615-MK2,Aria Pro II,615-MK2 Nashville,Fretted Instruments,Electric Guitars,439,,289,,,,,,,,,csv-import,2,0,"• Body: Poplar, Flamed Maple Top • Neck: Roasted Maple, Heel-less Bolt-on • Fingerboard: Roasted Maple • Number of Frets: 22","Ruby Red, Turquoise Blue, Marble White"
718MKII-OPWH,Aria Pro II,718-MK2 Brooklyn,Fretted Instruments,Electric Guitars,499,,349,,,,,,,,,csv-import,2,0,"• Body: Mahogany • Neck: Roasted Maple, Set-Neck • Fingerboard: Rosewood • Number of Frets: 22",Black & White
212-MK2,Aria Pro II,212-MK2-Bowery,Fretted Instruments,Electric Guitars,699,,459,,,,,,,,,csv-import,3,0,"• Body: Mahogany • Neck: Mahogany, Heel-Less Joint • Fingerboard: Rosewood • Number of Frets: 22",Black & Phantom Blue
J-B’ TONE,Aria Pro II,J-B’TONE Baritone,Fretted Instruments,Electric Guitars,419,,259,,,,,,,,,csv-import,2,0,"• Body: Poplar • Neck: Maple, Heel-less Bolt-on • Fingerboard: Rosewood • Number of Frets: 21",Black & Sunburst
STB-PB,Aria Pro II,STB-PB,Fretted Instruments,Bass Guitars,299,,189,,,,,,,,,csv-import,3,0,"• Body: Basswood • Neck: Maple, Bolt-on • Scale Length: 864mm (34 inches) • Number of Frets: 21","3 Tone Sunburst, Black, and White"
STB-PBB-WH,Aria Pro II,STB-PB/B,Fretted Instruments,Bass Guitars,299,,189,,,,,,,,,csv-import,2,0,"• Body: Basswood • Neck: Maple, Bolt-on • Fingerboard: Rosewood • Number of Frets: 21","White w/Rosewood, White w/Maple"
STB-JB,Aria Pro II,STB-JB,Fretted Instruments,Bass Guitars,299,,189,,,,,,,,,csv-import,3,0,"• Body: Basswood • Neck: Maple, Bolt-on • Fingerboard: Rosewood • Number of Frets: 21","Black, 3 Tone Sunburst, White"
STB-JB/TT,Aria Pro II,STB-JB/TT,Fretted Instruments,Bass Guitars,299,,189,,,,,,,,,csv-import,2,0,"• Body: Basswood • Neck: Maple, Bolt-on • Fingerboard: Stained Walnut • Number of Frets: 21",Black & Sunburst
STB-JB/B,Aria Pro II,STB-JB/B,Fretted Instruments,Bass Guitars,299,,189,,,,,,,,,csv-import,1,0,"• Body: Basswood • Neck: Maple, Bolt-on • Fingerboard: Stained Walnut • Number of Frets: 21",White
J-B,Aria Pro II,J-B,Fretted Instruments,Bass Guitars,369,,229,,,,,,,,,csv-import,3,0,"• Body: Poplar • Neck: Maple, Bolt-on • Number of Frets: 22","See-Through Vintage White, Black, 3 Tone Sunburst"
IGB-STD,Aria Pro II,IGB-STD,Fretted Instruments,Bass Guitars,369,,229,,,,,,,,,csv-import,2,0,"• Body: Basswood, Carved Top • Neck: Maple 3P, Bolt-on • Fingerboard: Stained Walnut • Frets: 24F • Scale: 864 mm","Metallic Black, Metallic Red Shade"
IGB-STD/5-MBK,Aria Pro II,IGB-STD 5 String,Fretted Instruments,Bass Guitars,399,,269,,,,,,,,,csv-import,1,0,"• Body: Basswood, Carved Top • Neck: Maple 3P, Bolt-on • Fingerboard: Stained Walnut • Frets: 24F • Scale: 864 mm",Metallic Black
RSB-618/4,Aria Pro II,RSB618/4,Fretted Instruments,Bass Guitars,429,,269,,,,,,,,,csv-import,2,0,"• Body: Basswood • Neck: Maple, Bolt-on • Fingerboard: Maple • Frets: 24F",Black & White
DMB-206,Aria Pro II,DMB-206,Fretted Instruments,Bass Guitars,499,,324,,,,,,,,,csv-import,3,0,• Body: Basswood • Neck: Maple • Fingerboard: Rosewood • Number of Frets: 20,"Black, Vintage White, 3 Tone Sunburst"
313-MK2,Aria Pro II,313 MKII Detroit,Fretted Instruments,Bass Guitars,509,,339,,,,,,,,,csv-import,2,0,"• Body: Ash • Neck: Roasted Maple, Heel-less Bolt-on • Fingerboard: Rosewood • Number of Frets: 24","Sunburst, Natural"
313-MKII/5,Aria Pro II,313 MKII/5 Detroit,Fretted Instruments,Bass Guitars,519,,355,,,,,,,,,csv-import,2,0,"• Body: Ash • Neck: Roasted Maple, Heel-less Bolt-on • Fingerboard: Rosewood • Number of Frets: 24","Sunburst, Natural"
313-BB-DETROIT,Aria Pro II,313-BB Detroit,Fretted Instruments,Bass Guitars,559,,365,,,,,,,,,csv-import,1,0,"• Body: Ash • Neck: Roasted Maple, Bolt-on • Fingerboard: Rosewood • Number of Frets: 24 • Scale Length: 864mm",Bourbon Barrel
313-BB/5-DETROIT,Aria Pro II,313-BB Detroit 5 String,Fretted Instruments,Bass Guitars,579,,379,,,,,,,,,csv-import,1,0,"• Body: Ash • Neck: Roasted Maple, Bolt-on • Fingerboard: Rosewood • Number of Frets: 24 • Scale Length: 864mm",Bourbon Barrel
313-JP-DETROIT (FRETLESS),Aria Pro II,313 JP,Fretted Instruments,Bass Guitars,509,,339,,,,,,,,,csv-import,1,0,"• Body: Ash • Neck: Roasted Maple, Bolt-on • Fingerboard: Rosewood • Number of Frets: 24 (Fretless)",Sunburst
SB-ONE,Aria Pro II,SB-ONE,Fretted Instruments,Bass Guitars,699,,449,,,,,,,,,csv-import,3,0,"• Body: Indonesian Mahogany • Neck: Maple/Walnut 5 ply, Bolt-on • Fingerboard: Rosewood • Number of Frets: 24","Black, Candy Apple Red, Silver"
SB-700,Aria Pro II,SB-700 Gold Wing,Fretted Instruments,Bass Guitars,1399,,849,,,,,,,,,csv-import,1,0,• Body: Ashwood • Neck: Maple/Walnut 7ply • Fingerboard: Rosewood • Number of Frets: 24,"Oak, Walnut, Padauk Red"
PGG-200,Pignose,PGG-200,Fretted Instruments,Electric Guitars,339.95,,224.95,,,,,,,,,csv-import,4,0,• Body: Basswood • Neck: Maple Bolt-on • Fingerboard: Rosewood • Frets: 22,"Brown Sunburst, Black, Candy Apple Red, & Metallic Blue"
PGG-200PL,Pignose,PGG-200PL,Fretted Instruments,Electric Guitars,399.95,,259.95,,,,,,,,,csv-import,3,0,• Body: Basswood • Neck: Maple Bolt-on • Fingerboard: Rosewood • Frets: 22,"Pink Paisley, Blue Paisley, Black Paisley"
PGG-259,Pignose,PGG-259,Fretted Instruments,Electric Guitars,359.95,,239.95,,,,,,,,,csv-import,2,0,• Body: Basswood • Neck: Maple Bolt-on • Fingerboard: Rosewood • Frets: 22,Black and White
PGG-200V,Pignose,PGG-200V,Fretted Instruments,Electric Guitars,499,,259.95,,,,,,,,,csv-import,1,0,"• Body: Mahogany • Neck: Mahogany, Bolt-on • Fingerboard: Rosewood • Frets: 22",Brown Sunburst
PGB-200,Pignose,PGB-200,Fretted Instruments,Bass Guitars,359.95,,239.95,,,,,,,,,csv-import,1,0,"• Body: Basswood • Neck: Maple, Bolt-on • Fingerboard: Rosewood • Frets: 22",Brown Sunburst
U23-VIO-BK,Bamboo,Black Violin Concert,Fretted Instruments,Ukuleles,69,,45.19,,,,,,,,,csv-import,1,0,• Top: Sapele • Back and size: Sapele • Fingerboard: Walnut • Nut & Saddle: Ox Bone • Gig Bag,
U23-VIO-BK-Q,Bamboo,Black Violin Concert EQ,Fretted Instruments,Ukuleles,109,,70.49,,,,,,,,,csv-import,1,0,• Top: Sapele • Back and size: Sapele • Fingerboard: Walnut • Nut & Saddle: Ox Bone • Gig Bag,
U23-LATIN,Bamboo,Latin Concert,Fretted Instruments,Ukuleles,99,,59.99,,,,,,,,,csv-import,1,0,• Top: Sapele • Back and size: Sapele • Fingerboard: Walnut • Nut & Saddle: Ox Bone • Gig Bag,
U23-PASSION,Bamboo,Passion Concert,Fretted Instruments,Ukuleles,99,,59.99,,,,,,,,,csv-import,1,0,• Top: Sapele • Back and size: Sapele • Fingerboard: Walnut • Nut & Saddle: Ox Bone • Gig Bag,
U23-VIO-SB,Bamboo,Sunburt Violin Concert,Fretted Instruments,Ukuleles,104,,59.99,,,,,,,,,csv-import,1,0,• Top: Linden • Back and size: Linden • Fingerboard: Walnut • Nut & Saddle: Ox Bone • Gig Bag,
U23-VIO-SB-Q,Bamboo,SB Violin Concert EQ,Fretted Instruments,Ukuleles,109,,70.49,,,,,,,,,csv-import,1,0,• Top: Linden • Back and size: Linden • Fingerboard: Walnut • Nut & Saddle: Ox Bone • Gig Bag,
U23-ROCK&ROSES,Bamboo,Rock & Roses Concert,Fretted Instruments,Ukuleles,129,,69.99,,,,,,,,,csv-import,1,0,• Top: Spruce • Back and size: Mahogany • Fingerboard: Walnut • Nut & Saddle: Ox Bone • Gig Bag,
U23-FAIRY,Bamboo,The Fairy Concert,Fretted Instruments,Ukuleles,139,,84.99,,,,,,,,,csv-import,1,0,• Top: Okume • Back and size: Okume • Fingerboard: Walnut • Nut & Saddle: Ox Bone • Gig Bag,
U26-NT,Bamboo,Natural Classic Tenor,Fretted Instruments,Ukuleles,115,,69,,,,,,,,,csv-import,1,0,• Top: Spruce • Back and size: Sapele • Fingerboard: Walnut • Nut & Saddle: Ox Bone • Gig Bag,
U26-NTQ,Bamboo,Natural Classic Tenor EQ,Fretted Instruments,Ukuleles,149,,89.99,,,,,,,,,csv-import,1,0,• Top: Spruce • Back and size: Sapele • Fingerboard: Walnut • Nut & Saddle: Ox Bone • Gig Bag,
U-30-SAPELE-Q,Bamboo,Sapele Baritone,Fretted Instruments,Ukuleles,159,,99.95,,,,,,,,,csv-import,1,0,• Top: Sapele • Back and size: Sapele • Fingerboard: Walnut • Nut & Saddle: Ox Bone • Gig Bag,
GUITARLELE,Bamboo,Guitarele Sapele,Fretted Instruments,Acoustic Guitars,169,,94.99,,,,,,,,,csv-import,1,0,• Top: Mahogany • Back and size: Mahogany • Fingerboard: Walnut • Nut & Saddle: Ox Bone • Gig Bag,
GC36-FELINE,Bamboo,Feline Travel Guitar,Fretted Instruments,Acoustic Guitars,159,,99.99,,,,,,,,,csv-import,1,0,• Top: Linden • Back and size: Linden • Fingerboard: Walnut • Nut & Saddle: Ox Bone • Gig Bag,
GC39-PRO-SLIM-Q,Bamboo,Slim Guitar Fishman,Fretted Instruments,Acoustic Guitars,329,,199.99,,,,,,,,,csv-import,1,0,• Top: Linden • Back and size: Linden • Fingerboard: Walnut • Nut & Saddle: Ox Bone • Gig Bag,
GC36-CARAMELLE,Bamboo,Caramelle Acoustic,Fretted Instruments,Acoustic Guitars,159,,99.99,,,,,,,,,csv-import,1,0,• Top: Linden • Back and size: Linden • Fingerboard: Walnut • Nut & Saddle: Ox Bone • Gig Bag,
GA38-ROCKANDROSES,Bamboo,R&R Acoustic EQ,Fretted Instruments,Acoustic Guitars,249,,159.99,,,,,,,,,csv-import,1,0,• Top: Spruce • Back and size: Sapele • Fingerboard: Walnut • Nut & Saddle: Ox Bone • Gig Bag,
RR-200C,Twisted Wood,Rock Roots Concert Ukulele,Fretted Instruments,Ukuleles,229.99,,143.99,,,,,,,,,csv-import,1,0,Solid Mahogany,
RR-200T,Twisted Wood,Rock Roots Tenor Ukulele,Fretted Instruments,Ukuleles,259.99,,162.99,,,,,,,,,csv-import,1,0,Solid Mahogany,
KO-1000C,Twisted Wood,KO-1000 Concert Ukulele,Fretted Instruments,Ukuleles,459.99,,287.99,,,,,,,,,csv-import,1,0,Solid Acacia,
KO-1000T,Twisted Wood,KO-1000 Tenor Ukulele,Fretted Instruments,Ukuleles,314.99,,269.99,,,,,,,,,csv-import,1,0,Solid Acacia,
EM-0600C,Twisted Wood,Ember Concert Ukulele,Fretted Instruments,Ukuleles,229.99,,143.99,,,,,,,,,csv-import,1,0,Solid Mahogany Top,
EM-0600T,Twisted Wood,Ember Tenor Ukulele,Fretted Instruments,Ukuleles,259.99,,162.99,,,,,,,,,csv-import,1,0,Solid Mahogany Top,
PI-100S,Twisted Wood,Pioneer Soprano Ukulele,Fretted Instruments,Ukuleles,109.99,,68.99,,,,,,,,,csv-import,1,0,Laminate Sapele,
PI-100C,Twisted Wood,Pioneer Concert Ukulele,Fretted Instruments,Ukuleles,119.99,,74.99,,,,,,,,,csv-import,1,0,Laminate Sapele,
PI-100T,Twisted Wood,Pioneer Tenor Ukulele,Fretted Instruments,Ukuleles,121.99,,81.99,,,,,,,,,csv-import,1,0,Laminate Sapele,
RF-130S,Twisted Wood,Redford Soprano Ukulele,Fretted Instruments,Ukuleles,119.99,,74.99,,,,,,,,,csv-import,1,0,"Laminate Mahogany, Red",
RF-130C,Twisted Wood,Redford Concert Ukulele,Fretted Instruments,Ukuleles,127.99,,79.99,,,,,,,,,csv-import,1,0,"Laminate Mahogany, Red",
RF-130T,Twisted Wood,Redford Tenor Ukulele,Fretted Instruments,Ukuleles,135.99,,84.99,,,,,,,,,csv-import,1,0,"Laminate Mahogany, Red",
BL-150S,Twisted Wood,Bluford Soprano Ukulele,Fretted Instruments,Ukuleles,119.99,,74.99,,,,,,,,,csv-import,1,0,"Laminate Mahogany, Blue",
BL-150C,Twisted Wood,Bluford Concert Ukulele,Fretted Instruments,Ukuleles,129.99,,81.99,,,,,,,,,csv-import,1,0,"Laminate Mahogany, Blue",
BL-150T,Twisted Wood,Bluford Tenor Ukulele,Fretted Instruments,Ukuleles,139.99,,87.99,,,,,,,,,csv-import,1,0,"Laminate Mahogany, Blue",
TO-100S,Twisted Wood,Twisted Original Soprano Ukulele,Fretted Instruments,Ukuleles,129.99,,81.99,,,,,,,,,csv-import,1,0,Laminate Mahogany,
TO-100C,Twisted Wood,Twisted Original Concert Ukulele,Fretted Instruments,Ukuleles,139.99,,87.99,,,,,,,,,csv-import,1,0,Laminate Mahogany,
TO-100T,Twisted Wood,Twisted Original Tenor Ukulele,Fretted Instruments,Ukuleles,149.99,,93.99,,,,,,,,,csv-import,1,0,Laminate Mahogany,
AR-800S,Twisted Wood,Aurora Soprano Ukulele,Fretted Instruments,Ukuleles,169.99,,106.99,,,,,,,,,csv-import,1,0,Laminate Koa,
AR-800C,Twisted Wood,Aurora Concert Ukulele,Fretted Instruments,Ukuleles,179.99,,112.99,,,,,,,,,csv-import,1,0,Laminate Koa,
AR-800T,Twisted Wood,Aurora Tenor Ukulele,Fretted Instruments,Ukuleles,189.99,,118.99,,,,,,,,,csv-import,1,0,Laminate Koa,
SE-900C,Twisted Wood,Sierra Concert Ukulele,Fretted Instruments,Ukuleles,239.99,,149.99,,,,,,,,,csv-import,1,0,"Cedar Top, Laminate Koa",
SE-900T,Twisted Wood,Sierra Tenor Ukulele,Fretted Instruments,Ukuleles,269.99,,168.99,,,,,,,,,csv-import,1,0,"Cedar Top, Laminate Koa",
SW-700C,Twisted Wood,Switchback Concert Ukulele,Fretted Instruments,Ukuleles,259.99,,162.99,,,,,,,,,csv-import,1,0,Solid Acacia Top,
SW-700T,Twisted Wood,Switchback Tenor Ukulele,Fretted Instruments,Ukuleles,279.99,,174.99,,,,,,,,,csv-import,1,0,Solid Acacia Top,
DJ-C700-NT,Don Jose,Puerto Rican Cuatro,Fretted Instruments,Folk Instruments,299.99,,134.99,,,,,,,,,csv-import,1,0,,
DJ-C700EQ-NT,Don Jose,Puerto Rican Cuatro EQ,Fretted Instruments,Folk Instruments,369.99,,167.99,,,,,,,,,csv-import,1,0,,
HH2078,Cascha,Guitar w/ Bag & Picks,Fretted Instruments,Classical & Student Instruments,215,,134.99,,,,,,,,,csv-import,1,0,• Top: Laminated spruce • 4/4 Set • Back & Sides: Sapeli • Bridge & Fingerboard: Kabukalli • Includes: 3 picks and Padded Guitar Bag,
FHB-55,Flinthill,5 String Banjo,Fretted Instruments,Banjos,595,,259,,,,,,,,,csv-import,1,0,• Standard 11-inch composite rim • Pearloid peghead overlay • 16 P-44 flat hook-and-nuts • Traditional P-115 No Knot tailpiece,
ACD100K,Applecreek,Standard Dulcimer & Case,Fretted Instruments,Dulcimers,254.95,,119.95,,,,,,,,,csv-import,1,0,• Length: 37” • Depth: 2” • Upper Bout: 13.25”,
ACD150K,Applecreek,Deluxe Spruce Dulcimer & Case,Fretted Instruments,Dulcimers,389.95,,183.28,,,,,,,,,csv-import,1,0,• Length: 37” • Depth: 2” • Upper Bout: 13.25”,
ACD200K,Applecreek,Solid Cherry Dulcimer & Case,Fretted Instruments,Dulcimers,479.95,,225.98,,,,,,,,,csv-import,1,0,• Length: 37” • Depth: 2” • Upper Bout: 13.25”,
3561,Duplex,Practice Pad,Percussion,"Snares, Toms, & Practice Pads",,15.5,6.98,,,,,,,,,csv-import,0,1,Solid wood with gum rubber pad.,
EC2003,Donner,Practice Pad Set,Percussion,"Snares, Toms, & Practice Pads",,74.99,47.99,,,,,,,,,csv-import,0,1,"Includes durable 12"" double-sided drum practice pad, high-grade snare drum stand, 3 pairs of drumsticks, and a portable backpack.",
OSDFP5500,OnStage,Pad W/Stand & Bag,Percussion,"Snares, Toms, & Practice Pads",,34.99,59.95,,,,,,,,,csv-import,0,1,"Perfect for practicing without disturbing the neighbors, our DFP5500 Drum Practice Pad with Stand and Bag emulates a full-size drum.",
SSK2500,OnStage,Student Snare Kit,Percussion,"Snares, Toms, & Practice Pads",,340.99,129.95,,,,,,,,,csv-import,0,1,Easy to transport with the rolling bag. Everything a beginner percussionist needs,
TKO12,TKO,Tom 10” X 12”,Percussion,"Snares, Toms, & Practice Pads",,54.95,24.95,,,,,,,,,csv-import,0,1,,"Black, Blue, Green, Red, Silver, White"
TKO13,TKO,Tom 11” X 13”,Percussion,"Snares, Toms, & Practice Pads",,64.95,29.95,,,,,,,,,csv-import,0,1,,"Blue, Green, Red, Deep Magenta, Wine Red"
RT6,Remo,Practice Pads,Percussion,"Snares, Toms, & Practice Pads",,40.4,28.58,,,16.94,,,,,,csv-import,0,3,,
BD16UV1,Evans,Bass Drum Head,Percussion,Drum Heads,,80,28,,,,,,,,,csv-import,0,2,UV1 Coated,
BD18EMADUV,Evans,Bass Drum Head,Percussion,Drum Heads,,100,35,,,,,,,,,csv-import,0,2,UV EMAD Coated,
B16GB4UV,Evans,Tom Drum Head 16”,Percussion,Drum Heads,,80,28,,,,,,,,,csv-import,0,1,UV EQ4 COATED,
BD011600,Remo,Diplomat Coated 16” Batter,Percussion,Drum Heads,,48.6,18.23,,,,,,,,,csv-import,0,1,,
CS011410,Remo,Coated Dot Under 14” Batter,Percussion,Drum Heads,,48.6,18.23,,,,,,,,,csv-import,0,1,,
BX011410,Remo,Emperor X 14” Batter,Percussion,Drum Heads,,55.3,20.74,,,,,,,,,csv-import,0,1,,
SD011400,Remo,Diplomat Clear 14” Snare,Percussion,Drum Heads,,39.5,14.81,,,,,,,,,csv-import,0,1,,
CX011310,Remo,Controlled Sound X,Percussion,Drum Heads,,46.2,17.33,,,,,,,,,csv-import,0,2,,
BJ1100H1,Remo,Banjo Coated Top 11” High Collar,Percussion,Drum Heads,,46,17.25,,,,,,,,,csv-import,0,1,,
P30114BP,Remo,Powerstroke Coated,Percussion,Drum Heads,,46.2,17.33,,,,,,,,,csv-import,0,2,,
P31320C2,Remo,Powerstroke Clear With Dot,Percussion,Drum Heads,,96.8,36.3,,,,,,,,,csv-import,0,2,,
CS132210,Remo,Controlled Sound Clear Black Dot 22” Bass,Percussion,Drum Heads,,107.4,40.28,,,,,,,,,csv-import,0,1,,
BE010800,Remo,Emperor Coated,Percussion,Drum Heads,,34.9,13.09,,,,,,,,,csv-import,0,8,,
BA010800,Remo,Ambassador Coated,Percussion,Drum Heads,,34.9,13.09,,,,,,,,,csv-import,0,11,,
ES001200,Remo,Ambassador Ebony,Percussion,Drum Heads,,47.9,17.96,,,,,,,,,csv-import,0,4,,
BE031000,Remo,Emperor Clear,Percussion,Drum Heads,,37,13.88,,,,,,,,,csv-import,0,8,,
BA030800,Remo,Ambassador Clear,Percussion,Drum Heads,,34.9,13.09,,,,,,,,,csv-import,0,8,,
BR132000,Remo,Ambassador Clear,Percussion,Drum Heads,,93.1,34.91,,,,,,,,,csv-import,0,5,,
ES0610PS,Remo,Pinstripe Ebony,Percussion,Drum Heads,,55,20.63,,,,,,,,,csv-import,0,5,,
CS031210,Remo,Controlled Sound Clear Black Dot,Percussion,Drum Heads,,44.2,16.58,,,,,,,,,csv-import,0,4,,
PS011200,Remo,Pinstripe Coated,Percussion,Drum Heads,,45.3,16.99,,,,,,,,,csv-import,0,4,,
PS030600,Remo,Pinstripe Clear,Percussion,Drum Heads,,37.4,14.03,,,,,,,,,csv-import,0,11,,
P30314BP,Remo,Powerstroke Clear,Percussion,Drum Heads,,46.2,17.33,,,,,,,,,csv-import,0,2,,
DHE12,TKO,Single Ply Head Black 12”,Percussion,Drum Heads,,9.65,3.22,,,,,2.9,,,,csv-import,0,1,,Black
PP0112BA,Remo,Ambassador Pro Pack,Percussion,Drum Heads,,107.4,40.28,,,,,,,,,csv-import,0,1,"12”, 13”, & 16” Coated drumheads & 14” Coated snare head",
DHC16,TKO,Single Ply Head Clear 16”,Percussion,Drum Heads,,14.4,4.8,,,,,4.32,,,,csv-import,0,1,,
PP0312PS,Remo,Pinstripe Pro Pack,Percussion,Drum Heads,,161.8,60.68,,,,,,,,,csv-import,0,1,"12”, 13”, & 16” Pinstripe drumheads & 14” Coated Powerstroke P3",
PP0920PS,Remo,Clear Pinstripe Tom Pack,Percussion,Drum Heads,,113,42.38,,,,,,,,,csv-import,0,1,"10”, 12”, & 14” Clear Pinstripe drumheads",
PP0312BE,Remo,Emperor Pro Pack,Percussion,Drum Heads,,146.7,55.01,,,,,,,,,csv-import,0,1,"12”, 13”, & 16” Clear drumheads & 14” Coated drumhead",
PP0270PS,Remo,Pinstripe Rock Pro Pack,Percussion,Drum Heads,,251.3,94.24,,,,,,,,,csv-import,0,1,"12”, 13”, & 16” Clear Pinstripe drumheads, 14” Coated AmBassador & 22” Clear Powerstroke 3",
DMBH0310,Remo,Biohazard Dynamo-Ring,Percussion,Pads & Templates,,23.7,9.48,,,,,,,,,csv-import,0,1,3” Port Hole,Black
DMFL0510,Remo,Flame Dynamo Ring,Percussion,Pads & Templates,,23.7,9.48,,,,,,,,,csv-import,0,1,5” Port Hole,Black
DMPC0610,Remo,Peace Sign Dynamo,Percussion,Pads & Templates,,23.7,9.48,,,,,,,,,csv-import,0,1,6” Port Hole,Black
DMSW05,Remo,Saw Blade Dynamo-Ring,Percussion,Pads & Templates,,23.7,9.48,,,,,,,,,csv-import,0,1,5” Port Hole,Black
KS0004PH,Remo,Falam Slam 4” Single,Percussion,Pads & Templates,,21.7,9.77,,,8.28,,,,,,csv-import,0,1,,
KS0006PH,Remo,Falam Slam 4” Double,Percussion,Pads & Templates,,21.7,9.77,,,8.28,,,,,,csv-import,0,1,,
MF1008,Remo,Control Ring,Percussion,Drum Head Accessories,,14.9,6.33,,,,,,,,,csv-import,0,9,,
RO0014,Remo,Sound Dampening Ring,Percussion,Drum Head Accessories,,15.5,6.98,,,,,,,,,csv-import,0,3,,
WPP4,Wambooka,Performer Pads,Percussion,Drum Head Accessories,,11.99,4.99,,,,,,4.49,,,csv-import,0,1,,
MG4,MoonGel,Damper Pads,Percussion,Drum Head Accessories,,10.99,5.49,,,,5.19,,,,,csv-import,0,1,,
SBR1005,Sabian,SBR Individual Cymbals,Percussion,Cymbals & Cymbal Care,,64.5,27.41,,,,,,,,,csv-import,0,5,,
SBR5001PK,Sabian,SBR Performance Packs,Percussion,Cymbals & Cymbal Care,,292,124.1,,,,,,,,,csv-import,0,4,,
P0773,Zildjian,Thin Finger Cymbals,Percussion,Cymbals & Cymbal Care,,49.5,26.98,,,,,,,,,csv-import,0,1,,
P1300,Zildjian,Cymbal Polish 8 Oz,Percussion,Cymbals & Cymbal Care,,20,9.98,,,,,,,,,csv-import,0,1,,
SSSC,Sabian,Cymbal Cleaner,Percussion,Cymbals & Cymbal Care,,19,10.26,,,,,,,,,csv-import,0,1,,
61035,Sabian,"20"" Basic Cymbal Bag",Percussion,Cymbals & Cymbal Care,49.99,,34.83,,,,,,,,,csv-import,0,1,,Black
6ZCB22GIG,Zildjian,22” Prem Cymbal Bag,Percussion,Cymbals & Cymbal Care,,135,67.95,,,,,,,,,csv-import,0,1,,Black
RIM12/4,TKO,Tom Drum Hoops,Percussion,Drum Parts,,6.95,2.75,,,,,,,,,csv-import,0,5,,
TTAHJR,TKO,Tom Holders & Brackets,Percussion,Drum Parts,,25,9.95,,,,,,,,,csv-import,0,1,Tom Arm 3/4”– 1 Pair- 9” Long,
TR15,TKO,Tension Rods,Percussion,Drum Parts,,9.95,4.25,,,,,,,,,csv-import,0,1,1 1/2” End-to-End - 1 Dozen,
BDS4,TKO,Bass Drum Spurs,Percussion,Drum Parts,,12.75,5.5,,,,,,,,,csv-import,0,1,Spurs- 2/Bag,
BDSM4,TKO,Bass Drum Spurs,Percussion,Drum Parts,,9.95,4.25,,,,,,,,,csv-import,0,1,Spur Mount Brackets- 2/Bag,
609,TKO,Double Spring Pedal,Percussion,Drum Parts,,38.5,17.5,,,,,,,,,csv-import,0,1,,
CP1220DHS,Cardinal,Dbl-Braced Hi-Hat Stnd,Percussion,Drum Parts,,99.5,47.5,,,,,,,,,csv-import,0,1,,
CPBS19K,Cardinal,Dbl-Braced Cymbal Stnd,Percussion,Drum Parts,,107,49.95,,,,,,,,,csv-import,0,1,,
CP1220DSS,Cardinal,Dbl-Braced Snare Stnd,Percussion,Drum Parts,,68,32.95,,,,,,,,,csv-import,0,1,,
G-N4C,H&A,Double Braced Throne,Percussion,Drum Parts,,44.99,24.49,,,,,,,,,csv-import,0,1,,Black
OSMDT2,OnStage,Double-Braced Throne,Percussion,Drum Parts,,68.95,45.95,,,,,,,,,csv-import,0,1,,Black
ZXGL0012,Zildjian,Touchscreen Drummers Gloves,Percussion,Drum Parts,,36,21.6,,,,,,,,,csv-import,0,3,,Black
3370,Grover,Snappy Snare Strings,Percussion,Drum Parts,,1.5,0.79,,,,,,,,,csv-import,0,1,,
DT100,EPM,Drum Trigger,Percussion,Drum Parts,,29.95,14.98,,,,,,,,,csv-import,0,1,,
P0751,Zildjian,Leather Pads–Pair,Percussion,Drum Parts,,30,14.99,,,,,,,,,csv-import,0,1,Providing support for your hands when playing and holding crash cymbals,Black
SH03,String Swing,Stick Holder,Percussion,Drum Parts,,17.99,8.55,,,,,,,,,csv-import,0,1,,Black
HK904500,Remo,Quick Loc- Hi Hat Clutch,Percussion,Drum Parts,,57.4,25.83,,,,,,,,,csv-import,0,1,,
3826,Grover,Duplex Hi Hat Clutch,Percussion,Drum Parts,,12.95,6.09,,,,,,,,,csv-import,0,1,,
ZSK,Zildjian,Drummer's Survival Kit,Percussion,Drum Parts,,25,15.95,,,,,,,,,csv-import,0,1,"The Drummer’s Survival Kit contains all the emergency items that drummers need at the gig. There are 6 cymbal felts, 3 cymbal sleeves, 2 HiHat clutch felts, 1 HiHat cup felt, 3 8mm wing nuts, 8 tension rods (4 Floor Tom and 4 Snare Drum), 12 nylon washers, drum key and 2 snare wire cords.",
ZFSPK,Zildjian,Cymbal Felts 10 Pack,Percussion,Drum Parts,,16,9.6,,,,,,,,,csv-import,0,1,,
TKO DDK,TKO,TurboTune Drum Key,Percussion,Drum Parts,,9.99,4.25,,,,,,,,,csv-import,0,1,,
HK246000,Remo,Quicktech Magnet Drum Key,Percussion,Drum Parts,,19.3,9.17,,,,,,,,,csv-import,0,1,,
DDK,EPM,Drum Key,Percussion,Drum Parts,,1.25,0.75,,,,,,,,,csv-import,0,1,,
VF2BN,Vic Firth,Nylon Tip,Percussion,Drum Sticks,,18.99,10.25,,,,,,,,,csv-import,0,5,,
VF2B,Vic Firth,Wood Tip,Percussion,Drum Sticks,,18.99,9.71,,,,,,,,,csv-import,0,7,,
VFSRH,Vic Firth,Ralph Hardimon,Percussion,Drum Sticks,12.49,,10.79,,,,,,,,,csv-import,0,2,,
VFSDW,Vic Firth,Dave Weckl,Percussion,Drum Sticks,,17.99,9.71,,,,,,,,,csv-import,0,1,,
VFN2B,Vic Firth,Nova Wood Tip,Percussion,Drum Sticks,,8.99,4.26,,,,,,,,,csv-import,0,5,,
VFN2BN,Vic Firth,Nova Nylon Tip,Percussion,Drum Sticks,,9.99,5.29,,,,,,,,,csv-import,0,5,,
VFSSG,Vic Firth,Steve Gadd,Percussion,Drum Sticks,,17.99,9.99,,,,,,,,,csv-import,0,1,,
SD1,Vic Firth,American Custom,Percussion,Drum Sticks,,17.99,8.69,,,,,,,,,csv-import,0,1,,
D1JR,Vic Firth,American Custom,Percussion,Drum Sticks,,15.99,9.11,,,,,,,,,csv-import,0,1,,
KIDSTICKS,Vic Firth,Kids Wood Tip,Percussion,Drum Sticks,,9.99,5.39,,,,,,,,,csv-import,0,1,,
OS-MW2B,OnStage,American Made Maple Wood Tip,Percussion,Drum Sticks,,4.99,1.49,,,,,,,,,csv-import,0,4,,
OS-HN2BN,OnStage,American Made Hickory Nylon Tip,Percussion,Drum Sticks,,7.99,2.69,,,,,,,,,csv-import,0,4,,
OS-HW2B,OnStage,America Made Hickory Wood Tip,Percussion,Drum Sticks,,7.99,2.69,,,,,,,,,csv-import,0,4,,
OSAMH7AN,OnStage,American Hickory Tip 7A,Percussion,Drum Sticks,,24.99,8.99,,,,,,,,,csv-import,0,1,Only Available In Brick/6-pack,
OS-MN2B,OnStage,American Made Maple Nylon Tip,Percussion,Drum Sticks,,4.99,1.99,,,,,,,,,csv-import,0,4,,
OSDSB6700,OnStage,3-Pocket Stick Bag,Percussion,Drum Sticks,13.95,,7.45,,,,,,,,,csv-import,0,1,,Black
TWAX2,Zildjian,Drumstick Wax,Percussion,Drum Sticks,,9.5,4.99,,,,,,,,,csv-import,0,1,,
ZSB,Zildjian,Drum Stick Bag,Percussion,Drum Sticks,,20.95,15.99,,,,,,,,,csv-import,0,1,"The ZSB’s tough nylon handles are built for the long haul; its durable outer jacket keeps your drumstick assortment neat, organized, and in prime working order.",Black
4826,Grover,"Duplex Brushes ""Snap Out""",Percussion,Brushes & Mallets,,20.5,9.64,,,,,,,,,csv-import,0,1,,
VFWB,Vic Firth,Wire Bristle,Percussion,Brushes & Mallets,,35,23.5,,,,,,,,,csv-import,0,1,,
VFBJR,Vic Firth,Jazz Rake,Percussion,Brushes & Mallets,,42.25,19.01,,,,,,,,,csv-import,0,1,,
4827,Grover,"Duplex Brushes ""Loop End""",Percussion,Brushes & Mallets,,24.95,11.62,,,,,,,,,csv-import,0,1,,
VFHB,Vic Firth,Heritage Brush,Percussion,Brushes & Mallets,,41,24.5,,,,,,,,,csv-import,0,1,,
VFMB3H,Vic Firth,Hard Mallet Marching Bass,Percussion,Brushes & Mallets,,61,36.6,,,,,,,,,csv-import,0,1,,
VFT1,Vic Firth,General Mallet,Percussion,Brushes & Mallets,,52,33.8,,,,,,,,,csv-import,0,1,,
OSWPM200,OnStage,Felt-Tip Mallets,Percussion,Brushes & Mallets,,39.99,9.49,,,,,,,,,csv-import,0,1,,
VFM1,Vic Firth,M1 Soft Wound Yarn,Percussion,Brushes & Mallets,,41,30.75,,,,,,,,,csv-import,0,1,,
VFM5,Vic Firth,M5 Medium Hard Rubber,Percussion,Brushes & Mallets,,28,21,,,,,,,,,csv-import,0,1,,
VFM3,Vic Firth,M3 Medium Wound Yarn,Percussion,Brushes & Mallets,,41,30.75,,,,,,,,,csv-import,0,1,,
FN75,Cardinal,Musical Washboard,Percussion,Hand Percussion,,38.5,18.29,,,,,,,,,csv-import,0,1,,
XYLOPHONE,TKO,Xylophone Bell Kit 15”,Percussion,Hand Percussion,,49.99,29,,,,,,,,,csv-import,0,1,,
3569,Grover,Sleigh Bells,Percussion,Hand Percussion,,10.95,5.2,,,,,,,,,csv-import,0,1,,
CPCB5,Cardinal,Cowbell,Percussion,Hand Percussion,,18.5,9.25,,,,,,,,,csv-import,0,4,,
9102,Dunlop,Gel Egg Shakers,Percussion,Hand Percussion,,159.99,71.99,,,,,,,,,csv-import,0,2,,
3567,Grover,Sleigh Bells 13 Bells,Percussion,Hand Percussion,,62.5,29.69,,,,,,,,,csv-import,0,1,,
3568,Grover,Sleigh Bells 25 Bells,Percussion,Hand Percussion,,85.95,39.93,,,,,,,,,csv-import,0,1,,
OSTMB3200,OnStage,Handheld Tambo,Percussion,Hand Percussion,18.95,,10.69,,,,,,,,,csv-import,0,1,,Black
KL3,Latin Groove,Claves Rosewood,Percussion,Hand Percussion,,24.95,10.89,,,,,,,,,csv-import,0,1,,
OSHPCS3500,OnStage,Standard Cabasa,Percussion,Hand Percussion,30.95,,19.99,,,,,,,,,csv-import,0,1,,
PXS1100BK,Casio,PX-S1100BK,Keyboards,Keyboards,729.99,,535.99,,,,,,,,,csv-import,1,0,The PS-X100 is designed to be a source of inspiration that fits perfectly into your life.,Black
CDP-S360,Casio,CDP-S360,Keyboards,Keyboards,649.99,,459.99,,,,,,,,,csv-import,1,0,CDP-S360 delivers piano authenticity in a slim unibody case that’s barely larger than the keys themselves.,Black
CDP-S160BK,Casio,CDP-S160BK,Keyboards,Keyboards,549.99,,359.99,,,,,,,,,csv-import,1,0,"Realistic, portable, and comfortable to play, the CDP-S160 redefines value in a digital piano.",Black
CDP-S160CS,Casio,CDP-S160BK w/Stand,Keyboards,Keyboards,679.99,,459.99,,,,,,,,,csv-import,1,0,"Realistic, portable, and comfortable to play, the CDP-S160 redefines value in a digital piano.",Black
LKS250,Casio,LK-S250,Keyboards,Keyboards,239.99,,159.99,,,,,,,,,csv-import,1,0,"The ultra-compact LK-S250 lets you make music wherever and whenever you want, with a Key Lighting system so you can easily learn your favorite songs.",Black
SA-81,Casio,SA-81,Keyboards,Keyboards,89.99,,64.95,,,,,,,,,csv-import,1,0,The Casio 44-key SA-81 offers all discoverers of music the essentials for playing those first tunes.,Black
CTS500,Casio,CT-S500,Keyboards,Keyboards,449.99,,299.99,,,,,,,,,csv-import,1,0,"The CT-S500 features 61 full-size touch responsive keys in a sleek, stylish case that weighs only 10 lbs, with an easy-to-read LCD display and intuitive controls.",Black
CTS400,Casio,CT-S400,Keyboards,Keyboards,299.99,,205.99,,,,,,,,,csv-import,1,0,"If you’re sparking a new passion for music, or reigniting an old flame – this keyboard is the perfect home for all.",Black
CTS300,Casio,CT-S300,Keyboards,Keyboards,199.99,,149.99,,,,,,,,,csv-import,1,0,"The compact size of 930 mm x 256 mm x 73 mm is 30% smaller in volume than the CTK-3500 model, and it boasts roughly 19 hours of alkaline battery life.",Black
CTS200,Casio,CT-S200,Keyboards,Keyboards,169.99,,118.99,,,,,,,,,csv-import,2,0,The CTS200 has roughly 16 hours of alkaline battery life* & compact size of 930 mm x 256 mm x 73 mm.,Red & White
CT-S1,Casio,CT-S1,Keyboards,Keyboards,,259.99,179.99,,,,,,,,,csv-import,1,0,61 full-size keys with touch response. Stereo grand piano plus 60 other AiX-powered tones.,Black
CTX3000,Casio,CT-X3000,Keyboards,Keyboards,409.99,,284.99,,,,,,,,,csv-import,1,0,"The CT-X Series comes with the AiX Sound Source, which can produce a wide range of sound qualities from powerful bass tones to clear high tones.",Black
CTX700,Casio,CTX700,Keyboards,Keyboards,239.99,,169.99,,,,,,,,,csv-import,1,0,"61 full-size touch-responsive keys, 600 Tones, 195 Rhythms, Bright, great-sounding built-in speakers, USB-MIDI, Operates on 6 AA batteries or AC Adapter (included)",Black
CTX5000,Casio,CT-X5000,Keyboards,Keyboards,579.99,,365.99,,,,,,,,,csv-import,1,0,"Wherever you are on your musical journey, and no matter your budget, you shouldn’t have to compromise on sound quality. Meet the CT–X5000.",Black
CT-S1-76,Casio,CTS1-76,Keyboards,Keyboards,399.99,,289.99,,,,,,,,,csv-import,2,0,"The CT-S1-76 is the expanded version of our great-sounding, stylish, ultra-portable CT-S1.",Black & White
PX-770,Casio,PX-770,Keyboards,Keyboards,1079.99,,689.99,,,,,,,,,csv-import,1,0,"The world-renowned Privia family of digital pianos grows with the PX-770, designed to provide a true grand piano experience in a slim, modern design.",Black
PX-770-WE,Casio,PX-770-WE,Keyboards,Keyboards,1079.99,,689.99,,,,,,,,,csv-import,1,0,"The world-renowned Privia family of digital pianos grows with the PX-770, designed to provide a true grand piano experience in a slim, modern design.",White
PX-S7000HM,Casio,PX-S7000HM,Keyboards,Keyboards,3199.99,,1999,,,,,,,,,csv-import,1,0,The PX-S7000HM is a compact grand piano that looks every bit as good as it sounds and feels.,Yellow
SKBE1,Strukture,Keyboard Bench,Keyboards,Benches,,69.95,26.99,,,,,,,,,csv-import,1,0,88 Full-size weighted scaled hammer action tri-sensor keys. 4 Layer Stereo Grand Piano Sound. Ebony & Ivory Feel Keys.,Black
JSMB100,Jamstands,Medium Bench,Keyboards,Benches,,92.99,42.49,39.99,,,,,,,,csv-import,1,0,,Black
JSSB100,Jamstands,Small Bench,Keyboards,Benches,,82.99,25.99,24.99,,,,,,,,csv-import,1,0,,Black
OSKT7800,Onstage,3-Position X Bench,Keyboards,Benches,64.95,,37.79,,,,,,,,,csv-import,1,0,,Black
D-XA,M&M,Keyboard and Guitar Player Bench,Keyboards,Benches,29.99,,19.49,,,,,,,,,csv-import,1,0,,Black
OSKBA4088,Onstage,88-Key Keyboard Bag,Keyboards,Bags,158.95,,99.95,,,,,,,,,csv-import,1,0,,Black
OSKBA4061,Onstage,61-Key Keyboard Bag,Keyboards,Bags,83.95,,53.95,,,,,,,,,csv-import,1,0,,Black
USS1-49,Ultimate Support,49-Key Keyboard Bag,Keyboards,Bags,69.99,,29.99,,,,,,,,,csv-import,1,0,,Black
PX-780,Casio,PX-780,Keyboards,Specialty Keyboards,,999.99,739.99,,,,,,,,,csv-import,1,0,88 Full-size weighted scaled hammer action tri-sensor keys. 4 Layer Stereo Grand Piano Sound. Ebony & Ivory Feel Keys.,Black
PX-870,Casio,PX-870,Keyboards,Specialty Keyboards,,1199.99,749.99,,,,,,,,,csv-import,1,0,"88-key, Tri-sensor Scaled Hammer Action Keyboard. Simulated ebony and ivory keys.",Black
PX-360BK,Casio,PX-360BK,Keyboards,Specialty Keyboards,,999.99,729.99,,,,,,,,,csv-import,1,0,"88-key, Tri-sensor Scaled Hammer Action Keyboard. Simulated ebony and ivory keys.",Black
PX-S7000BK,Casio,PX-S7000,Keyboards,Specialty Keyboards,,2499.99,1799.99,,,,,,,,,csv-import,1,0,The Casio PX-S7000 digital piano delivers an unbeatable combination of high style and high performance.,Black
PX-S7000WE,Casio,PX-S7000,Keyboards,Specialty Keyboards,,2499.99,1799.99,,,,,,,,,csv-import,1,0,The Casio PX-S7000 digital piano delivers an unbeatable combination of high style and high performance.,White
PX-560,Casio,PX-560,Keyboards,Specialty Keyboards,,1299.99,949.99,,,,,,,,,csv-import,1,0,"88-key, Tri-sensor Scaled Hammer Action Keyboard. Simulated ebony and ivory keys. Multi-dimensional Morphing AiR Sound Source. 650 tones.",Blue
PX-S3100BK,Casio,PX-S3100BK,Keyboards,Specialty Keyboards,,879.99,639.99,,,,,,,,,csv-import,1,0,"German concert grand piano with enhanced resonance. 700 tones, 200 accompaniment rhythms. Smart Scaled Hammer Action Keyboard with simulated ebony/ivory key textures.",Black
PX-5S,Casio,PX-5S,Keyboards,Specialty Keyboards,,1099.99,749.99,,,,,,,,,csv-import,1,0,"88-key, Tri-sensor Scaled Hammer Action Keyboard.",Black
LK-S450,Casio,LK-S450,Keyboards,Specialty Keyboards,,999.99,245.99,,,,,,,,,csv-import,1,0,"With an amazing collection of great-sounding Tones and Rhythms, the LK-S450 is ready to help you take your next musical steps. It's never been easier to learn to play your favorite songs, with 61 full-size keys with touch response, brilliant Key Lighting system to light the way forward.",Black
AP-470WE,Casio,AP-470,Keyboards,Specialty Keyboards,,1699.99,1179.99,,,,,,,,,csv-import,1,0,"The Celviano AP-470 includes two stunning grand piano sounds, with varieties of each to suit any mood.",White
AP-470BK,Casio,AP-470,Keyboards,Specialty Keyboards,,1699.99,1179.99,,,,,,,,,csv-import,1,0,"The Celviano AP-470 includes two stunning grand piano sounds, with varieties of each to suit any mood.",Black
AP-470BN,Casio,AP-470,Keyboards,Specialty Keyboards,,1699.99,1179.99,,,,,,,,,csv-import,1,0,"The Celviano AP-470 includes two stunning grand piano sounds, with varieties of each to suit any mood.",Brown
AP-710BK,Casio,AP-710,Keyboards,Specialty Keyboards,,2799.99,1899.99,,,,,,,,,csv-import,1,0,"The AP-710 delivers the world-class piano sound and feel that are the hallmarks of the Celviano series. Unlike most digital pianos, the AP-710 gives you the experience of owning three of the world’s most legendary and coveted grand pianos.",Black
OSKS7171,Onstage,2-X Keyboard Stand,Keyboards,Keyboard Stands,,55.95,30.99,,,,,,,,,csv-import,1,0,Bolted construction provides durability for reliable performance. Double-braced frame and heavy-duty square tubing for dependable keyboard support.,Black
OSKS7190,Onstage,Single-X Stand,Keyboards,Keyboard Stands,,35.95,21.69,,,,,,,,,csv-import,1,0,"Heavy-duty square tubing for dependable keyboard support. Pull knob releases and locks clutch for quick, easy height and width adjustments. Non-slip arm sleeves adjust to keyboard width to increase stability and prevent scratches.",Black
GKS-01,Guitto,Double Braced Stand,Keyboards,Keyboard Stands,,49.99,25.49,,,,,,,,,csv-import,1,0,,Black
JSXS300,Jamstands,Single Brace X Stand,Keyboards,Keyboard Stands,,54.99,16.99,,,15.99,,,,,,csv-import,1,0,"Unassembled single-braced X-Stand, Strong, sturdy steel design, Five height positions, 65 lbs. load capacity",Black
JS502D,Jamstands,Double Brace X Stand,Keyboards,Keyboard Stands,,67.99,29.99,28.99,,,,,,,,csv-import,1,0,"Double-braced for heavier keyboards, Five height positions, Easy-to-adjust pull-style knob, 125 lbs. weight capacity",Black
KBT-502,Hosa,KBT-502 Keyboard Stand,Keyboards,Keyboard Stands,,44.95,24.75,,,,,,,,,csv-import,1,0,"Portable X-Frame, Lightweight (6.5 lbs.), Single-Handed Trigger Height Adjustment, Seven Height Adjustment Settings, 88 lbs. weight capacity",Black
IQ-2000,Ultimate Support,IQ Series X Stand,Keyboards,Keyboard Stands,84.99,,39.4,,,,,,,,,csv-import,1,0,"IQ Series® X-style Keyboard Stand with Patented Memory Lock, Five Height Settings, Stabilizing End Caps, and Extra-strength Tubing.",Black
SK200KD,Strukture,Double Braced Stand,Keyboards,Keyboard Stands,,69.95,25.99,,,,,,,,,csv-import,1,0,,Black
ARST,Casio,X-Style Keyboard stand,Keyboards,Keyboard Stands,39.99,,27.49,,,,,,,,,csv-import,1,0,"Compact, Affordable Keyboard stand. The Casio ARST single x-style stand is a perfect compliment for your Casio keyboard. Easily adjust to six different heights for greater playing comfort.",Black
IQ-1000,Ultimate Support,IQ Series X Stand,Keyboards,Keyboard Stands,74.99,,33.21,,,,,,,,,csv-import,1,0,"IQ Series® X-style Keyboard Stand with Patented Memory Lock, Five Height Settings, Stabilizing End Caps, and Extra-strength Tubing.",Black
SK100KD,Strukture,Single Braced Stand,Keyboards,Keyboard Stands,,49.95,19.99,,,,,,,,,csv-import,1,0,,Black
CS46,Casio,CS46 Stand,Keyboards,Keyboard Stands,,159.99,104.99,,,,,,,,,csv-import,1,0,A wooden stand designed to support Privia PX-S and CDP-S digital pianos. It provides a stable and secure platform and brings your piano to the perfect playing height.,Black
JSMPS1,Ultimate Support,Keyboard/Mixer Stand,Keyboards,Keyboard Stands,,121.99,52.99,,,,,,,,,csv-import,1,0,"Sturdy, steel design, Height adjustable from 26” to 43”, Width adjustable from 28.75” to 42”",Black
AX48PROPLUS,Ultimate Support,Keyboard Stand,Keyboards,Keyboard Stands,,330.99,229.99,,,,,,,,,csv-import,1,0,"Folds into a self-contained, compact unit with a heavy-duty carrying handle.",Black
OSKPK1061,Onstage,Keyboard Bundle,Keyboards,Keyboard Stands,199.95,,99.95,,,,,,,,,csv-import,1,0,The stand supports up to 90 pounds and its simple bullet-nose pull knob makes for easy set up. The carrying bag will give your 61-key keyboard protection with its thick 3/4 inch padding and a heavy-duty nylon exterior that is weather resistant.,Black
SP20,Casio,Traditional Sustain Pedal,Keyboards,Accessories,,64.99,37.99,,,,,,,,,csv-import,1,0,,Black
SP3,Casio,Sustain Pedal,Keyboards,Accessories,,39.99,17.49,,,,,,,,,csv-import,1,0,,Black
JSP-10,Joyo,Universal Keyboard Sustain Pedal,Keyboards,Accessories,14.99,,7.99,,,,,,,,,csv-import,1,0,,Black
ADA12150,Casio,Keyboard AC Adapter,Keyboards,Accessories,,54.99,29,,,,,,,,,csv-import,1,0,"For CTK6200, PX150, PX350, WK6600, and WK7500",Black
ADE95100LU,Casio,AC Adapter,Keyboards,Accessories,,39.99,19.99,,,,,,,,,csv-import,1,0,,Black
KB500,Hamilton,Classic Trumpet Stands,Band & Orchestra,"Stands, Mutes, & Reeds",,41.99,18.47,,,,,,,,,csv-import,0,1,,
KB950,Hamilton,Trumpet Stands,Band & Orchestra,"Stands, Mutes, & Reeds",,22.99,9.97,,,,,,,,,csv-import,0,1,,
KB952,Hamilton,Trombone Stands,Band & Orchestra,"Stands, Mutes, & Reeds",,34.99,14.97,,,,,,,,,csv-import,0,1,,
KB960,Vincent Bach,Alto / Tenor Stand,Band & Orchestra,"Stands, Mutes, & Reeds",,34.49,14.97,,,,,,,,,csv-import,0,1,,
1862,Vincent Bach,Trombone Straight Mute,Band & Orchestra,"Stands, Mutes, & Reeds",,47,26.79,,,,,,,,,csv-import,0,1,,
SR27,Vandoren,Java Reeds 5/Box,Band & Orchestra,"Stands, Mutes, & Reeds",,41.99,19.74,,,,,,,,,csv-import,0,1,,
EO,Emerald,Reed Oboe Double Reeds,Band & Orchestra,"Stands, Mutes, & Reeds",,17.95,10.23,,,,,9.69,,,,csv-import,0,1,"Soft, Medium Soft, Medium, Medium Hard, Hard",
JO,Jones,Oboe Double Reeds,Band & Orchestra,"Stands, Mutes, & Reeds",,26.99,12.82,,12.15,,,,,,,csv-import,0,1,"Medium, Medium Hard, Hard",
RRPO5ASX250,D'Addario,Plasticover Reeds,Band & Orchestra,"Stands, Mutes, & Reeds",,38.25,17.21,,,,,,,,,csv-import,0,5,,
EB,Emerald,Reed Bassoon Double Reeds,Band & Orchestra,"Stands, Mutes, & Reeds",,19.95,11.37,,,,,10.77,,,,csv-import,0,1,"Soft, Medium Soft, Medium, Medium Hard, Hard",
JB,Jones,Bassoon Double Reeds,Band & Orchestra,"Stands, Mutes, & Reeds",,26.99,12.82,,12.15,,,,,,,csv-import,0,1,"Medium, Medium Hard, Hard",
JSR61,Juno,Alto Sax Reeds,Band & Orchestra,"Stands, Mutes, & Reeds",26,,22.59,,,,,,,,,csv-import,0,3,,
JSR71,Juno,Tenor Sax Reeds,Band & Orchestra,"Stands, Mutes, & Reeds",20,,16.29,,,,,,,,,csv-import,0,4,,
JCR01,Juno,B Flat Clarinet Reeds,Band & Orchestra,"Stands, Mutes, & Reeds",21,,16.59,,,,,,,,,csv-import,0,4,,
3506HAL,Vincent Bach,Shank Trombone Mouthpiece,Band & Orchestra,Mouthpieces,,85,73.2,,,,,,,,,csv-import,0,1,,
B3513C,Vincent Bach,"Trumpet Mouthpiece, 3C",Band & Orchestra,Mouthpieces,,65,54.92,,,,,,,,,csv-import,0,1,,
B3517C,Vincent Bach,"Trumpet Mouthpiece, 7C",Band & Orchestra,Mouthpieces,,65,54.92,,,,,,,,,csv-import,0,1,,
BT,Blessing,Horn Mouthpiece,Band & Orchestra,Mouthpieces,,43.25,18.38,,,,,,,,,csv-import,0,5,,
AMK,Windsor,Alto Saxophone Mouthpiece,Band & Orchestra,Mouthpieces,,14.95,6.45,,,,,,,,,csv-import,0,1,,
TROMBONE12C,Windsor,Trombone 12C,Band & Orchestra,Mouthpieces,,19.5,8.4,,,,,,,,,csv-import,0,1,,
SCME3,Selmer,B Flat Clarinet Mouthpiece,Band & Orchestra,Mouthpieces,,42,21.98,,,,,,,,,csv-import,0,1,,
SASME3,Selmer,Alto Saxophone Mouthpiece,Band & Orchestra,Mouthpieces,,44,23.49,,,,,,,,,csv-import,0,1,,
332,Grover,Ligature,Band & Orchestra,"Caps, Ligatures, & Endplugs",,6.5,3.09,,,,,,,,,csv-import,0,2,,
336,Grover,Tenor Sax Ligature,Band & Orchestra,"Caps, Ligatures, & Endplugs",,6.5,3.09,,,,,,,,,csv-import,0,1,,
3286,Grover,End Plug,Band & Orchestra,"Caps, Ligatures, & Endplugs",,2.5,1.25,,,,,,,,,csv-import,0,2,,
AP336G,APM,Tenor Sax Ligature,Band & Orchestra,"Caps, Ligatures, & Endplugs",,11.85,5.63,,,,,,,,,csv-import,0,1,,
AP332N,APM,Ligature,Band & Orchestra,"Caps, Ligatures, & Endplugs",,10,4.75,,,,,,,,,csv-import,0,2,,
324PL,APM,Plastic Cap,Band & Orchestra,"Caps, Ligatures, & Endplugs",,4,1.9,,,,,,,,,csv-import,0,3,,
2301192,Neotech,C.E.O. Comfort,Band & Orchestra,Straps,,19.99,9.9,,,,,,,,,csv-import,0,1,,
1904162,Neotech,Soft Sax Swivel Royal,Band & Orchestra,Straps,,29.49,13.27,,,,,,,,,csv-import,0,1,,
2201192,Neotech,Tux Strap,Band & Orchestra,Straps,,19.99,10.12,,,,,,,,,csv-import,0,1,,
1906162,Neotech,Soft Sax Swivel Wine,Band & Orchestra,Straps,,29.49,13.27,,,,,,,,,csv-import,0,1,,
1901172,Neotech,Soft Harness Sax XL,Band & Orchestra,Straps,,26.99,13.5,,,,,,,,,csv-import,0,1,,
8401152,Neotech,Wick-It Sax Jr,Band & Orchestra,Straps,,26.49,11.92,,,,,,,,,csv-import,0,1,,
5101122,Neotech,Trumpet Brass Wrap,Band & Orchestra,Straps,,8.99,4.5,,,,,,,,,csv-import,0,1,,
2501162,Neotech,Soft Harness Sax,Band & Orchestra,Straps,,48.99,22.05,,,,,,,,,csv-import,0,1,,
AP500XLG,APM,Sousaphone Extra Long,Band & Orchestra,Lyres,,12.75,6.39,,,,,6.05,,,,csv-import,0,1,,
AP500LG,APM,Lyre Sousaphone/Bari,Band & Orchestra,Lyres,,10,4.99,,,,,4.75,,,,csv-import,0,1,,
AP506N,APM,Clarinet w/Ring,Band & Orchestra,Lyres,,14.3,7.18,,,,,6.79,,,,csv-import,0,1,,
AP517G,APM,Saxophone,Band & Orchestra,Lyres,,10,4.98,,,,,4.75,,,,csv-import,0,1,,
AP501G,APM,Trumpet Bent Stem,Band & Orchestra,Lyres,,9.5,4.75,,,,,4.5,,,,csv-import,0,1,,
AP502N,APM,Trumpet Clamp On,Band & Orchestra,Lyres,,18.5,9.29,,,,,8.79,,,,csv-import,0,1,,
500,Peformer,Trumpet Straight,Band & Orchestra,Lyres,,3.2,1.35,,,,,,,,,csv-import,0,1,,
2944,Selmer,Clarinet Swab Dry Bore,Band & Orchestra,Instrument Care,,7,3.1,,,,,,,,,csv-import,0,1,,
2952,Selmer,Lacquer Finish Polishing Cloth,Band & Orchestra,Instrument Care,,8,4.49,,,,,,,,,csv-import,0,1,,
2955,Selmer,Plated Finish Polishing Cloth,Band & Orchestra,Instrument Care,,8,4.49,,,,,,,,,csv-import,0,1,,
366F,Selmer,Flute/Piccolo Care Kit,Band & Orchestra,Instrument Care,,36,20.99,,,,,,,,,csv-import,0,1,"Cleaning brush, 2 cleaning cloths, key oil, & polishing cloth.",
HE81,Herco,Complete Care Kit,Band & Orchestra,Instrument Care,,45.99,20.7,,,,,,,,,csv-import,0,3,,
GL3982,Glaesel,Violin / Viola Care Kit,Band & Orchestra,Instrument Care,,45,24.3,,,,,,,,,csv-import,0,1,"Contains peg compound, violin humidifier, rosin, “A” pitch pipe, chin rest key, polish and polishing cloth.",
337RC,Selmer,Slide-O-Mix Trombone Lube 30ml,Band & Orchestra,Instrument Care,,16,8.25,,,,,,,,,csv-import,0,1,,
VOH3250,Holton,"Valve, Slide/Bore Oil",Band & Orchestra,Instrument Care,,5.75,3.55,,,,,3.33,,,,csv-import,0,1,,
BJ2,Blue Juice,Valve Oil 2 Oz,Band & Orchestra,Instrument Care,,6.99,3.99,,,,,3.79,,,,csv-import,0,1,,
BO4105,CG Conn,Bore Oil 1 Dozen,Band & Orchestra,Instrument Care,,7,3.55,,,,,3.33,,,,csv-import,0,1,,
B1885V,Vincent Bach,Valve Oil 1.6 Oz Regular,Band & Orchestra,Instrument Care,,8,3.6,,,,,3.4,,,,csv-import,0,1,,
2942BSG,Vincent Bach,Tuning Slide Lubricant 1.6 Oz,Band & Orchestra,Instrument Care,,8,3.6,,,,,3.4,,,,csv-import,0,1,,
RT48,Roche Thomas,Case Freshener,Band & Orchestra,Instrument Care,,10.25,4.61,,,,,,,,,csv-import,0,1,,
1887,Vincent Bach,Tuning Slide Grease,Band & Orchestra,Instrument Care,,8,4.32,,,,,4.09,,,,csv-import,0,1,,
1880,Vincent Bach,Trombone Slide Cream,Band & Orchestra,Instrument Care,,8,3.6,,,,,3.4,,,,csv-import,0,1,,
1885,Grover,Sterisol Germicide 8 Oz. Spray,Band & Orchestra,Instrument Care,,8.5,3.83,,,,,,,,,csv-import,0,1,,
HVTROM,Herco,Trombone Vinyl Cover,Band & Orchestra,Instrument Care,,14.3,6.44,,,,,,,,,csv-import,0,1,,
UBST,HWP,Wood Clarinet,Band & Orchestra,Instrument Care,,18,8.1,,,,,,,,,csv-import,0,1,,
UALT,HWP,Pad-Saver,Band & Orchestra,Instrument Care,,26,11.7,,,,,,,,,csv-import,0,7,,
6015,Micro,Saxophone Neck Cleaner,Band & Orchestra,Instrument Care,,7.1,3.2,,,,,,,,,csv-import,0,1,,
YAC1077P,Yamaha,Trumpet Clearer Vinyl Cover,Band & Orchestra,Instrument Care,,9.99,4.75,,,,,,,,,csv-import,0,1,,
FSWAB,Grover,Flute Swab,Band & Orchestra,Instrument Care,,4.95,2.35,,,,,,,,,csv-import,0,1,,
3241,Grover,Grover Reed Mouthpiece Brush,Band & Orchestra,Instrument Care,,3.5,1.75,,,,,,,,,csv-import,0,1,,
3242,Grover,Grover Reed Mouthpiece Brush,Band & Orchestra,Instrument Care,,3.5,1.75,,,,,,,,,csv-import,0,1,,
FCR,Grover,Flute Cleaning Rod,Band & Orchestra,Instrument Care,,4.95,2.35,,,,,,,,,csv-import,0,1,,
5460,Grover,Violin Humidifier,Band & Orchestra,Instrument Care,,11.95,5.38,,,,,,,,,csv-import,0,1,,
TR2203,Grover,Thumb Cushions,Band & Orchestra,Instrument Care,,2.5,1.19,,,,,,,,,csv-import,0,2,,
SR1,Sherman’s,Rosin,Band & Orchestra,Instrument Care,,6.95,3.48,,,,,3.13,,,,csv-import,0,4,,
IM601,Josef Bremen,Cherrywood Violin Bow,Band & Orchestra,"Strings, Bows, & Hangers",,25,10.19,,,,,,,,,csv-import,0,1,"Available in: 4/4, 3/4, 1/2",
IM701,Josef Bremen,Cello Bow,Band & Orchestra,"Strings, Bows, & Hangers",,45,18.95,,,,,,,,,csv-import,0,1,Available in: 4/4,
BCC04V,String Swing,Mic/Music Stand Violin Hanger,Band & Orchestra,"Strings, Bows, & Hangers",,20.39,9.69,,,,,,,,,csv-import,0,1,,
AB110,Anton Breton,Brazil Wood Violin Bow,Band & Orchestra,"Strings, Bows, & Hangers",,32.95,17.49,,,,,,,,,csv-import,0,1,Available in: 4/4,
SS21012,Super Sensitive,Violin Strings,Band & Orchestra,"Strings, Bows, & Hangers",,,14.8,,,,,,,,,csv-import,0,6,,
SS610,Super Sensitive,Cello Medium Strings,Band & Orchestra,"Strings, Bows, & Hangers",,,48.88,,,,,,,,,csv-import,0,3,,
SS414,Super Sensitive,Viola Strings C Medium Standard,Band & Orchestra,"Strings, Bows, & Hangers",,,8.76,,,,,,,,,csv-import,0,1,,
VNS-139,Anton Breton,Violin Strings 4/4,Band & Orchestra,"Strings, Bows, & Hangers",,7.95,4.39,,,,,,,,,csv-import,0,1,,
VNS-149,Anton Breton,Viola Strings,Band & Orchestra,"Strings, Bows, & Hangers",,15.95,8.95,,,,,,,,,csv-import,0,1,,
KUN200,Kun,Violin & Viola Shoulder Rest,Band & Orchestra,Parts,,50.99,26.97,,,,,,,,,csv-import,0,4,,
SRVE,Everest,Shoulder Rest,Band & Orchestra,Parts,,24.99,12.59,,,,,,,,,csv-import,0,1,,
4080,Trophy,End Pin Holder,Band & Orchestra,Parts,,11.95,5.38,,,,,,,,,csv-import,0,1,,
5465,Teller,Fitted 4/4 Bridge,Band & Orchestra,Parts,,13.95,6.28,,,,,,,,,csv-import,0,1,,
LR-VIO,LR Baggs,Violin Pickup,Band & Orchestra,Parts,189,,148.5,,,,,,,,,csv-import,0,1,,
5468,Trophy,Tailgut 4/4 Or 3/4,Band & Orchestra,Parts,,3.95,1.88,,,,,,,,,csv-import,0,1,,
TD175,Tudor,1 Piece Plastic Recorders,Band & Orchestra,Percussion & Recorders,,4.95,2.48,,,,,,,,,csv-import,0,1,"Comes complete with a fingering chart, cleaning rod, and carrying pouch.",Brown & White
TD185,Tudor,2 Piece Plastic Recorder,Band & Orchestra,Percussion & Recorders,,6.95,3.48,,,,,,,,,csv-import,0,1,"Fingering chart, cleaning rod, and pouch.",Brown & Red
TD180,Tudor,2 Piece Plastic Recorders,Band & Orchestra,Percussion & Recorders,,7.5,3.75,,,,,,,,,csv-import,0,1,"Fingering chart, cleaning rod, and pouch.","Red, Purple, Green, Gold, and Blue"
EB0369,Eastar,Glockenspiel Xylo Kit,Band & Orchestra,Percussion & Recorders,,189.99,144.99,,,,,,,,,csv-import,0,1,"Xylo 32 note x1, Glockenspiel stick x2, drum stick x2, Glockenspiel Stand x1, 8” Practice Pad x1, Bag x1, 12-Month Product Service.",
OSBSK2500,On-Stage,Bell Kit,Band & Orchestra,Percussion & Recorders,,340.99,129.95,,,,,,,,,csv-import,0,1,"32 bells (2.5 octaves), Bells mount quickly, Nonslip rubber feet, Stand adjusts in height from 25"" to 38""",
GSS-03,Guitto,Steel Stage Music Stand W/Bag,Band & Orchestra,Music Stands,,14.99,7.99,,,,,,,,,csv-import,0,1,"Lightweight, portable & collapsible with adjustable height up to 55.5”. Includes user-friendly adjustment knob, steel page holders, and bag.",
JS-CMS100+,JamStands,Compact Music Stand W/Bag,Band & Orchestra,Music Stands,,38.99,10.49,,,,9.99,,,,,csv-import,0,1,"Adjustable height from 25” - 50”, Folds into a compact, portable unit, Includes carry bag",
JSMS200,JamStands,Heavy Duty Music Stand,Band & Orchestra,Music Stands,,91.99,29.99,28.99,,,,,,,,csv-import,0,1,"Adjustable height from 37” - 56”, Folds compactly for storage",
GSS-01B,Guitto,Collapsible Music Stand,Band & Orchestra,Music Stands,,54.99,29.85,,,,,,,,,csv-import,0,1,"Three height adjustable, Collapsible music rack, Made of polyamide",
OSSM7211B,On-Stage,Music Stand W/Tripod Base,Band & Orchestra,Music Stands,56.95,,34.95,,,,,,,,,csv-import,0,1,,
KB95/E-2,Hamilton,Hamilton Music Stand W/Clutch,Band & Orchestra,Music Stands,,139.99,66.5,,,,,,,,,csv-import,0,1,,
KB400B,Hamilton,Classic American Stand Black,Band & Orchestra,Music Stands,,27.99,8.92,,,,,8.49,,,8.09,csv-import,0,1,,
KB400N,Hamilton,Classic American Stand Chrome,Band & Orchestra,Music Stands,,34.99,10.66,,,,,9.99,,,9.49,csv-import,0,1,,
KB900N,Hamilton,Deluxe Folding Stand,Band & Orchestra,Music Stands,,37.99,12.19,,,,,11.66,,,11.25,csv-import,0,1,,
KB12,Hamilton,Music Stand Nylon Bag,Band & Orchestra,Music Stands,,8.49,3.45,,,,,,,,,csv-import,0,1,Fits 400N & 400B,
JSP-01,Joyo,Wireless Page Turner,Band & Orchestra,Music Stands,,29.99,19.99,,,,,,,,,csv-import,0,1,"Wireless page turner, bluetooth connection for phones, ipads, laptops, easily switch to the next page of sheet music and pictures by foot pedal control.",
57920,Mighty Bright,Duoflex Light,Band & Orchestra,"Stand Lights, Folders, & Batons",,49.99,24.99,,,,,,,,,csv-import,0,1,"40 lumens, Durable LEDs last 100,000 hours, Battery powered & chargable",
54810,Mighty Bright,Hammerhead Light,Band & Orchestra,"Stand Lights, Folders, & Batons",,25.59,15.19,,,,,,,,,csv-import,0,1,"Six energy-efficient LEDs, Durable LEDs last 100,000 hours, Two brightness settings",
53610,Mighty Bright,Recharge Light,Band & Orchestra,"Stand Lights, Folders, & Batons",,43.99,21.99,,,,,,,,,csv-import,0,1,"8 LEDs provide 90 lumens of bright white, Back fin directs light away from audience, 12” flexible gooseneck, Battery bank charges smartphones",
53510,Mighty Bright,Orchestra Light,Band & Orchestra,"Stand Lights, Folders, & Batons",,69.95,41.32,,,,,,,,,csv-import,0,1,"Extra large clip , 8” wide light head, Includes 3 AAA batteries , AC adapter",
47830,Mighty Bright,Nuflex Rechargeable Light,Band & Orchestra,"Stand Lights, Folders, & Batons",,35.99,17.99,,,,,,,,,csv-import,0,1,"35 lumens, Flexible silicone and ABS plastic, 3 hr charge with included micro USB cable",
54910,Mighty Bright,Encore Stand Light,Band & Orchestra,"Stand Lights, Folders, & Batons",,52.99,26.49,,,,,,,,,csv-import,0,1,"6 bright energy efficient LEDs, Battery powered",
80910,Mighty Bright,Light Cradle,Band & Orchestra,"Stand Lights, Folders, & Batons",,4.99,2.49,,,,,,,,,csv-import,0,1,"Designed for personal use in low light backstage areas, the Roadie Lights package is comprised of a Carabiner LED and a Keychain LED.",
TR9400,Grover,Marching Flip Folder,Band & Orchestra,"Stand Lights, Folders, & Batons",,7.5,3.56,,,,,,,3.38,,csv-import,0,1,"Durable, Lightweight Plastic Flip Folder with 5 windows.",
WINDOW,Grover,Marching Flip Folder Additional Window,Band & Orchestra,"Stand Lights, Folders, & Batons",,0.95,0.48,,,,,,,,,csv-import,0,1,"Durable, Lightweight Plastic Flip Folder with 5 windows.",
HC260,Hamilton,Trumpet Folder,Band & Orchestra,"Stand Lights, Folders, & Batons",,17.95,8.98,,,,,,,,,csv-import,0,1,,
HC225,Hamilton,Flute/Piccolo Folder,Band & Orchestra,"Stand Lights, Folders, & Batons",,15.95,7.98,,,,,,,,,csv-import,0,1,,
TB716/24,Latin Groove,Twirling Batons,Band & Orchestra,"Stand Lights, Folders, & Batons",,17,7.25,,,,,,,,,csv-import,0,2,Chrome plated & balanced. 7/16” diameter steel shaft. Dimples on ends.,
HC250,Hamilton,Trombone Folder,Band & Orchestra,"Stand Lights, Folders, & Batons",,17.95,8.98,,,,,,,,,csv-import,0,1,,
HC240,Hamilton,Snare Drum Folder,Band & Orchestra,"Stand Lights, Folders, & Batons",,15.95,7.98,,,,,,,,,csv-import,0,1,,
1910N,Lee Oskar,Natural Minor,"Harmonicas, Books & Novelties",Harmonicas & Accessories,,74.99,39.99,,,,,,,,,csv-import,1,0,"Provides a complete minor scale in cross harp Keys: A & D (C, G, Eb, F, F#, B *Special Order)",
1910,Lee Oskar,Major Diatonic,"Harmonicas, Books & Novelties",Harmonicas & Accessories,,74.99,39.99,,,,,,,,,csv-import,1,0,"Blues, Rock, Country, Folk. Keys: A, Ab, B, Bb, C, D, Db, E, Eb, F, F#, G, Hi G, & Lo F",
1910H,Lee Oskar,Harmonic Minor,"Harmonicas, Books & Novelties",Harmonicas & Accessories,,74.99,39.99,,,,,,,,,csv-import,1,0,"Harps in this tuning are All Special Order Keys: A, Bb, C, D, F#",
LOHP,Lee Oskar,Harmonica Case,"Harmonicas, Books & Novelties",Harmonicas & Accessories,,29.99,14.29,,,,,,,,,csv-import,1,0,Padded harmonica pouch (holds 7 harps- not included),
LO10HH,Lee Oskar,Harmonica Holder,"Harmonicas, Books & Novelties",Harmonicas & Accessories,41.99,,23.27,,,,,,,,,csv-import,1,0,,
RPM,Lee Oskar,Reed Plates,"Harmonicas, Books & Novelties",Harmonicas & Accessories,32.99,,22.27,,,,,,,,,csv-import,1,0,"Please Specify: A, B, Bb, C, D, E, F, G, Lo F",
990701001,Fender,Blues Deluxe Harmonica,"Harmonicas, Books & Novelties",Harmonicas & Accessories,,13.49,6.75,,,,,,,,,csv-import,1,0,Keys: C,
990701002,Fender,Blues Deluxe Harmonica,"Harmonicas, Books & Novelties",Harmonicas & Accessories,,13.49,6.08,,,,,,,,,csv-import,1,0,Keys: G,
990701049,Fender,7-Pack BD Harmonicas,"Harmonicas, Books & Novelties",Harmonicas & Accessories,,69.99,33.33,,,,,,,,,csv-import,1,0,"Keys: C, G, A, D, F, E, & Bb",
HPN5,Hohner,Harp Case,"Harmonicas, Books & Novelties",Harmonicas & Accessories,,17.99,8.1,,,,,,,,,csv-import,1,0,The Hohner HPN5 Harmonica Pouch 5-Pack protects 5 of your harps from scratches and dirt.,
OSIHH1020,OnStage,Harmonica Holder,"Harmonicas, Books & Novelties",Harmonicas & Accessories,14.95,,8.29,,,,,,,,,csv-import,1,0,,
697313,Hal Leonard,Guitar Method Book 2,"Harmonicas, Books & Novelties",Method Books,,12.99,7.8,,,,,,,,,csv-import,1,0,"Book 2 - With lessons and songs in the keys of C, G, D, Em, & F, syncopations and dotted rhythms, more advanced strums, solos, styles from bluegrass to blues-rock & more traditional songs.",
697316,Hal Leonard,Guitar Method Book 3,"Harmonicas, Books & Novelties",Method Books,,14.99,8.99,,,,,,,,,csv-import,1,0,"Book 3 - Book/CD Pack BOOK 3 –Covers the major, minor, pentatonic & chromatic scales, sixteenth notes; barre chords.",
699500,Hal Leonard,Banjo Method,"Harmonicas, Books & Novelties",Method Books,,9.99,5.99,,,,,,,,,csv-import,1,0,"Covers easy chord strums for the beginner; learning tablature; right-hand rolls characteristic of bluegrass; techniques such as hammer-on, slide & pull-off. Book",
695069,Hal Leonard,Electric Bass Method,"Harmonicas, Books & Novelties",Method Books,,9.99,5.99,,,,,,,,,csv-import,1,0,More dynamic concepts. Book,
697283,Hal Leonard,Fast Track Keyboard,"Harmonicas, Books & Novelties",Method Books,,7.99,4.79,,,,,,,,,csv-import,1,0,"Learn how to play piano today. With this book you’ll learn music notation, chords, riffs, licks and scales, syncopation, rock & blues styles. Method Book 1 includes over 87 songs & examples. Book 1",
420172,Hal Leonard,Piano Adventures - Level 1,"Harmonicas, Books & Novelties",Method Books,,8.99,5.39,,,,,,,,,csv-import,1,0,Level 1 - Theory Book,
420174,Hal Leonard,Piano Adventures - Level 2,"Harmonicas, Books & Novelties",Method Books,,8.99,5.39,,,,,,,,,csv-import,1,0,Level 2a - Lesson Book,
862594,Hal Leonard,Essential Elements Book 1,"Harmonicas, Books & Novelties",Method Books,,12.99,7.79,,,,,,,,,csv-import,1,0,"Book 1 – Book, CD voucher, & online video. Features SmartMusic Software, (practice, record, & e-mail). BOOK 2 – Book 1 review, Rhythm Raps, Daily Warm-ups, Theory, History, Multicultural Music, Sight-reading & Improv Alto Sax– Book 2",
862599,Hal Leonard,Essential Elements Book 2,"Harmonicas, Books & Novelties",Method Books,,12.99,7.79,,,,,,,,,csv-import,1,0,"Book 1 review, Rhythm Raps, Daily Warm-ups, Theory, History, Multicultural Music, Sight-reading & Improv",
93202M,Mel Bay,Modern Guitar Method,"Harmonicas, Books & Novelties",Method Books,,14.99,8.09,,,,,,,,,csv-import,1,0,"The world’s premier method for learning modern guitar, proven successful in building the theoretic and technical foundation needed to play in any style. Book 3/Online Audio",
93207M,Mel Bay,Classic Guitar Method,"Harmonicas, Books & Novelties",Method Books,,14.99,8.09,,,,,,,,,csv-import,1,0,The student is thoroughly grounded in left and right hand technical studies and is acquainted with the works of the masters. Includes access to online audio. Book 1/Online Audio,
93195M,Mel Bay,Easy Way to Guitar B,"Harmonicas, Books & Novelties",Method Books,,14.99,8.09,,,,,,,,,csv-import,1,0,"Easy Way to Guitar is a popular, easy to understand children's course designed to give the student a thorough grounding in note reading and solo performance. Chord playing is introduced gradually, utilizing simplified chords. Book/Online Audio",
93197M,Mel Bay,Guitar Primer,"Harmonicas, Books & Novelties",Method Books,,9.99,5.39,,,,,,,,,csv-import,1,0,"An easy, carefully graduated note-reading method which provides an introduction to the rudiments of music through enjoyable single-note exercises and solos. This book includes diagrams and photos of the location of the notes in first position. Book/Online Audio",
30000,Mel Bay,3000 Manuscript Book,"Harmonicas, Books & Novelties",Method Books,,9.99,5.39,,,,,,,,,csv-import,1,0,Mel Bay's top offering for manuscript with tear out pages.,
93258,Mel Bay,Fun with the Mandolin,"Harmonicas, Books & Novelties",Method Books,,9.99,5.39,,,,,,,,,csv-import,1,0,"This book presents melodies, lyrics and chord symbols for 22 songs to be enjoyed on the mandolin. Tuning and hand positions are briefly discussed. Book/Online Audio",
93270M,Mel Bay,Fun with the Ukulele,"Harmonicas, Books & Novelties",Method Books,,14.99,8.09,,,,,,,,,csv-import,1,0,"This book presents tuning, proper positioning, basic chords (C tuning) and folk songs for strumming and singing. Book/Online Video",
93268M,Mel Bay,Fun with the Banjo,"Harmonicas, Books & Novelties",Method Books,,14.99,8.09,,,,,,,,,csv-import,1,0,"Written in C tuning, it shows basic chords, includes instructions for tuning and positioning, and contains many fun songs with lyrics. Book/Online Video",
93275,Mel Bay,Fun with Trombone,"Harmonicas, Books & Novelties",Method Books,,9.99,5.39,,,,,,,,,csv-import,1,0,"Contains 42 songs, all easy and fun to play. Diatonic, Blues, and Chromatic harmonica stylings are all contained in this book. Book/Online Video",
9124783000,Fender,Strat Bookends,"Harmonicas, Books & Novelties",Novelties,,69.99,45.48,,,,,,,,,csv-import,1,0,,
FNBTR1,Fender,Bar Tray Custom Shop,"Harmonicas, Books & Novelties",Novelties,,9.95,5.97,,,,,,,,,csv-import,1,0,,
FNCO4,Fender,Coasters Set/4,"Harmonicas, Books & Novelties",Novelties,,9.95,5.97,,,,,,,,,csv-import,1,0,,
FNHG4,Fender,Hiball Glass Set/4,"Harmonicas, Books & Novelties",Novelties,,19.95,11.97,,,,,,,,,csv-import,1,0,,
FNRK4,Fender,Rock Glass Set/4,"Harmonicas, Books & Novelties",Novelties,,14.95,8.97,,,,,,,,,csv-import,1,0,,
LLBGD304W,Little Legends,Toy Piano,"Harmonicas, Books & Novelties",Novelties,,169.95,84.95,,,,,,,,,csv-import,1,0,"Black, For Ages 3+, 4 legs, 30 keys",
LLBGD304B,Little Legends,Toy Piano,"Harmonicas, Books & Novelties",Novelties,,169.95,84.95,,,,,,,,,csv-import,1,0,"White, For Ages 3+, 4 legs, 30 keys",
LLBGD303P,Little Legends,Toy Piano,"Harmonicas, Books & Novelties",Novelties,,139.95,69.95,,,,,,,,,csv-import,1,0,"Pink, For Ages 3+, 3 legs, 30 keys",
SLIDE,Trophy,Slide Whistles,"Harmonicas, Books & Novelties",Novelties,,64.5,29.03,,,,,,,,,csv-import,1,0,,
4218,Trophy,Train Whistle,"Harmonicas, Books & Novelties",Novelties,,9.95,4.48,,,,,,,,,csv-import,1,0,,
IW10,Feadóg,Original Irish Whistle,"Harmonicas, Books & Novelties",Novelties,,18.95,9.48,,,,,,,,,csv-import,1,0,,
FW02,Feadóg,Brass Whistle with Book,"Harmonicas, Books & Novelties",Novelties,,39.5,17.78,,,,,,,,,csv-import,1,0,,
FN120,Trophy,Plastic Kazoo,"Harmonicas, Books & Novelties",Novelties,,3.95,1.88,,,,,,,,,csv-import,1,0,,
701B,Trophy,Metal Kazoo,"Harmonicas, Books & Novelties",Novelties,,5.5,2.48,,,,,,,,,csv-import,1,0,,
12050,Trophy,Plastic Kazoo Display,"Harmonicas, Books & Novelties",Novelties,,64.5,29.03,,,,,,,,,csv-import,1,0,,
3470,Trophy,Musical Spoons,"Harmonicas, Books & Novelties",Novelties,,13.95,6.28,,,,,,,,,csv-import,1,0,,
8020,Grover,Tuning Hammer,"Harmonicas, Books & Novelties",Novelties,,8.95,4.03,,,,,,,,,csv-import,1,0,,
GPGEO-CM,Economy,Guitar Purse,"Harmonicas, Books & Novelties",Novelties,,29.95,15.95,,,14.95,,,,,,csv-import,1,0,,
GPNOT-CP,Economy,Guitar Purse,"Harmonicas, Books & Novelties",Novelties,,29.95,15.95,,,14.95,,,,,,csv-import,1,0,,
GPALL-BG,Economy,Guitar Purse,"Harmonicas, Books & Novelties",Novelties,,29.95,15.95,,,14.95,,,,,,csv-import,1,0,,
FN600,Grover,Melody Harp,"Harmonicas, Books & Novelties",Novelties,,76.5,36.15,,,,,,,,,csv-import,1,0,,
MINHARP,Grover,Mini Harp,"Harmonicas, Books & Novelties",Novelties,,24.95,12.95,,,,,,,,,csv-import,1,0,,
3490,Snoopys Harp,Jaw Harp,"Harmonicas, Books & Novelties",Novelties,,8.95,4.25,,,,,4.03,,,,csv-import,1,0,,
8037,Trophy,Bluegrass Jaw Harp,"Harmonicas, Books & Novelties",Novelties,,7.5,3.75,,,,,3.56,,,,csv-import,1,0,,
3485,Trophy,Jaw Harps,"Harmonicas, Books & Novelties",Novelties,,115.95,52.18,,,,,,,,,csv-import,1,0,,
